tweet,label,mean_confidence,variability,mean_correctness,correctnesses,Segment,WC,Analytic,Clout,Authentic,Tone,WPS,BigWords,Dic,Linguistic,function,pronoun,ppron,i,we,you,shehe,they,ipron,det,article,number,prep,auxverb,adverb,conj,negate,verb,adj,quantity,Drives,affiliation,achieve,power,Cognition,allnone,cogproc,insight,cause,discrep,tentat,certitude,differ,memory,Affect,tone_pos,tone_neg,emotion,emo_pos,emo_neg,emo_anx,emo_anger,emo_sad,swear,Social,socbehav,prosocial,polite,conflict,moral,comm,socrefs,family,friend,female,male,Culture,politic,ethnicity,tech,Lifestyle,leisure,home,work,money,relig,Physical,health,illness,wellness,mental,substances,sexual,food,death,need,want,acquire,lack,fulfill,fatigue,reward,risk,curiosity,allure,Perception,attention,motion,space,visual,auditory,feeling,time,focuspast,focuspresent,focusfuture,Conversation,netspeak,assent,nonflu,filler,AllPunc,Period,Comma,QMark,Exclam,Apostro,OtherP,Emoji
Funny how my phone starts turning into a piece of shit when the new iPhone comes out :thinking_face:,1,0.5260619893670082,0.0395326160636344,0.75,"[1, 0, 1, 1]",1,18,98.16,1,99,1,18,11.11,94.44,61.11,38.89,5.56,5.56,5.56,0,0,0,0,0,16.67,11.11,0,16.67,0,5.56,5.56,0,16.67,5.56,0,16.67,0,0,16.67,27.78,0,0,0,0,0,0,0,0,0,22.22,5.56,16.67,0,0,0,0,0,0,16.67,5.56,5.56,0,0,0,0,5.56,0,0,0,0,0,11.11,0,0,11.11,0,0,0,0,0,0,0,0,0,0,0,0,0,0,0,0,0,0,0,0,0,0,0,11.11,5.56,22.22,0,11.11,16.67,0,0,0,16.67,0,11.11,0,0,0,0,0,0,16.67,0,0,0,0,0,16.67,0
2 minutes into the book and I already hate the main character . Lovely,1,0.4886773228645324,0.0690293652229515,0.75,"[1, 1, 0, 1]",1,13,89.52,7.93,98.89,20.23,6.5,23.08,92.31,76.92,46.15,7.69,7.69,7.69,0,0,0,0,0,15.38,15.38,7.69,7.69,0,7.69,7.69,0,7.69,15.38,7.69,0,0,0,0,15.38,0,0,0,0,0,0,0,0,0,15.38,7.69,7.69,7.69,0,7.69,0,7.69,0,0,0,0,0,0,0,0,0,0,0,0,0,0,0,0,0,0,7.69,0,0,7.69,0,0,0,0,0,0,0,0,0,0,0,0,0,0,0,0,0,0,0,0,0,7.69,0,0,7.69,0,0,0,15.38,7.69,0,0,0,0,0,0,0,7.69,7.69,0,0,0,0,0,0
"North Dakota : * has one decent week of weather * Mother Nature : NOW I SHALL CAST OUT THE SUN AND BRING THE COLDEST OF RAINS UPON THY SUPER , DUPER FLAT LAND .",1,0.5042420327663422,0.0255393278447267,0.75,"[1, 0, 1, 1]",1,29,89.52,78.45,99,74.09,29,6.9,75.86,65.52,44.83,6.9,6.9,3.45,0,3.45,0,0,0,10.34,6.9,3.45,13.79,6.9,3.45,3.45,0,10.34,13.79,6.9,3.45,3.45,0,0,13.79,0,0,0,0,0,0,0,0,0,3.45,3.45,0,0,0,0,0,0,0,0,13.79,6.9,0,0,0,3.45,0,6.9,3.45,0,3.45,0,0,0,0,0,0,0,0,0,0,0,0,0,0,0,0,0,0,0,0,0,0,0,0,0,0,0,0,0,10.34,24.14,0,3.45,17.24,0,0,3.45,6.9,0,6.9,3.45,0,0,0,0,0,20.69,3.45,3.45,0,0,0,13.79,0
greatest british act of all time : one direction,0,0.5427536368370056,0.0588422413163736,0.75,"[1, 0, 1, 1]",1,8,98.55,,89.39,99,8,37.5,87.5,62.5,37.5,0,0,0,0,0,0,0,0,25,0,12.5,12.5,0,0,0,0,0,25,25,0,0,0,0,25,12.5,0,0,0,0,0,0,0,0,12.5,12.5,0,0,0,0,0,0,0,0,0,0,0,0,0,0,0,0,0,0,0,0,12.5,0,12.5,0,0,0,0,0,0,0,0,0,0,0,0,0,0,0,0,0,0,0,0,0,0,0,0,0,12.5,12.5,0,0,12.5,0,0,0,12.5,0,0,0,0,0,0,0,0,12.5,0,0,0,0,0,12.5,0
omg text “ pew pew ” and see what happens :face_with_open_mouth:,0,0.5589916259050369,0.0541467056637047,0.75,"[0, 1, 1, 1]",1,9,10.19,2.75,10.18,,9,22.22,88.89,55.56,33.33,22.22,11.11,11.11,0,0,0,0,11.11,0,0,0,0,0,0,11.11,0,22.22,0,0,0,0,0,0,11.11,0,0,0,0,0,0,0,0,0,0,0,0,0,0,0,0,0,0,0,11.11,11.11,0,0,0,0,11.11,0,0,0,0,0,0,0,0,0,22.22,0,0,0,0,22.22,0,0,0,0,0,0,0,0,0,0,0,0,0,0,0,0,0,0,11.11,11.11,0,0,0,11.11,0,0,0,0,11.11,0,11.11,11.11,0,0,0,77.78,0,0,0,0,0,77.78,0
i would rather be outside reed timmers car in f3 tornado winds than go to work today,1,0.5162650123238564,0.030829633699975,0.75,"[1, 1, 0, 1]",1,17,79.1,2.18,99,,17,17.65,76.47,52.94,47.06,5.88,5.88,5.88,0,0,0,0,0,0,0,5.88,23.53,11.76,5.88,5.88,0,17.65,5.88,0,5.88,0,5.88,0,23.53,0,17.65,0,0,5.88,5.88,0,5.88,0,0,0,0,0,0,0,0,0,0,0,0,0,0,0,0,0,0,0,0,0,0,0,5.88,0,0,5.88,5.88,0,0,5.88,0,0,0,0,0,0,0,0,0,0,0,0,0,0,0,0,0,0,0,0,17.65,17.65,0,5.88,17.65,0,0,0,5.88,0,5.88,0,0,0,0,0,0,0,0,0,0,0,0,0,0
it 's all about women in stem struggles . what about women in interactive media struggles : i no longer win against my friends in smash because they major in goddamn video game .,1,0.5245139226317406,0.0291767568710381,0.75,"[1, 0, 1, 1]",1,31,77.83,23.05,97.57,1,15.5,22.58,90.32,58.06,48.39,16.13,9.68,6.45,0,0,0,3.23,6.45,9.68,0,0,22.58,0,6.45,3.23,3.23,0,9.68,6.45,12.9,3.23,3.23,6.45,16.13,6.45,9.68,0,6.45,0,0,0,3.23,0,16.13,3.23,9.68,0,0,0,0,0,0,3.23,12.9,0,0,0,0,0,0,12.9,0,3.23,6.45,0,6.45,0,0,6.45,6.45,6.45,0,0,0,0,0,0,0,0,0,0,0,0,0,0,0,0,0,0,0,3.23,0,0,6.45,19.35,0,3.23,16.13,0,0,0,0,0,0,0,0,0,0,0,0,12.9,6.45,0,0,0,3.23,3.23,0
"Duodenum , Jejunum , and Ilium would be cute names for triplets , do n't @USER me",1,0.5373703092336655,0.0293272885216124,0.75,"[1, 0, 1, 1]",1,14,18.12,40.06,1,98.65,14,21.43,64.29,57.14,42.86,7.14,7.14,7.14,0,0,0,0,0,0,0,0,7.14,21.43,0,7.14,0,21.43,7.14,7.14,0,0,0,0,7.14,0,7.14,0,0,7.14,0,0,0,0,7.14,7.14,0,0,0,0,0,0,0,0,7.14,0,0,0,0,0,0,7.14,0,0,0,0,0,0,0,0,0,0,0,0,0,0,0,0,0,0,0,0,0,0,0,0,0,0,0,0,0,0,0,0,0,0,0,0,0,0,0,0,0,0,0,0,0,0,0,0,0,35.71,0,21.43,0,0,7.14,7.14,0
"Ah yes , another afternoon with the WiFi down ... really makes working from home that extra bit more enjoyable :)",1,0.5155556425452232,0.018654083146566,0.75,"[1, 0, 1, 1]",1,19,95.09,14.81,70.28,99,9.5,21.05,100,84.21,42.11,10.53,0,0,0,0,0,0,10.53,21.05,5.26,0,15.79,0,5.26,0,0,10.53,15.79,21.05,5.26,0,5.26,0,26.32,5.26,15.79,0,5.26,0,0,5.26,5.26,0,10.53,10.53,0,10.53,10.53,0,0,0,0,0,0,0,0,0,0,0,0,0,0,0,0,0,5.26,0,0,5.26,10.53,0,5.26,5.26,0,0,0,0,0,0,0,0,0,0,0,0,0,0,0,5.26,0,0,0,0,5.26,10.53,0,0,10.53,0,0,0,5.26,0,5.26,0,15.79,5.26,5.26,5.26,0,31.58,15.79,5.26,0,0,0,10.53,0
"oh also , my song with my middle school boyfriend was “ 143 ” by Bobby Brackins ! ! i really peaked geez",1,0.4864581748843193,0.0582461489212078,0.75,"[1, 1, 1, 0]",1,18,19.76,2.75,77.17,,9,11.11,77.78,55.56,44.44,16.67,16.67,16.67,0,0,0,0,0,11.11,0,5.56,11.11,5.56,11.11,5.56,0,5.56,5.56,0,5.56,5.56,0,0,11.11,0,5.56,0,0,0,0,5.56,0,0,0,0,0,0,0,0,0,0,0,0,5.56,0,0,0,0,0,0,5.56,0,5.56,0,5.56,0,0,0,0,11.11,5.56,0,5.56,0,0,0,0,0,0,0,0,0,0,0,0,0,0,0,0,0,0,0,0,0,11.11,0,0,5.56,0,5.56,0,0,5.56,0,0,5.56,0,0,5.56,0,27.78,0,5.56,0,11.11,0,11.11,0
"Here comes the final of the UK #DailyBriefing - who will win , Johnson or Covid ?",1,0.5383168905973434,0.0382888804316611,0.75,"[1, 0, 1, 1]",1,14,76.24,40.06,99,98.65,14,14.29,78.57,64.29,50,7.14,7.14,0,0,0,0,0,0,14.29,14.29,0,7.14,7.14,7.14,7.14,0,14.29,7.14,0,7.14,0,7.14,0,21.43,0,7.14,0,0,0,7.14,0,7.14,0,7.14,7.14,0,0,0,0,0,0,0,0,7.14,0,0,0,0,0,0,7.14,0,0,0,0,0,0,0,0,0,0,0,0,0,0,7.14,7.14,7.14,0,0,0,0,0,0,0,0,0,0,0,0,7.14,0,0,7.14,14.29,0,7.14,14.29,0,0,0,7.14,0,7.14,7.14,0,0,0,0,0,28.57,0,7.14,7.14,0,0,14.29,0
What a Race ! #sarcastic #WTF1 HTTPURL,1,0.5213814005255699,0.036605714146027,0.75,"[1, 0, 1, 1]",1,6,89.52,,,1,3,33.33,83.33,50,33.33,16.67,0,0,0,0,0,0,16.67,16.67,16.67,16.67,0,0,0,0,0,0,16.67,0,0,0,0,0,0,0,0,0,0,0,0,0,0,0,16.67,0,16.67,16.67,0,16.67,0,0,0,0,0,0,0,0,0,0,0,0,0,0,0,0,16.67,0,0,16.67,0,0,0,0,0,0,0,0,0,0,0,0,0,0,0,0,0,0,0,0,0,0,0,0,0,0,0,0,0,0,0,0,0,0,0,0,0,0,0,0,0,50,0,0,0,16.67,0,33.33,0
People are always like “ I do n't remember what life was like before covid ” but for me it 's more like “ idk what life was like before TikTok ”,0,0.4902409017086029,0.0374576968163341,0.75,"[1, 1, 1, 0]",1,28,18.12,1,97.09,,28,3.57,92.86,78.57,71.43,21.43,10.71,10.71,0,0,0,0,10.71,3.57,0,0,25,14.29,3.57,10.71,3.57,17.86,3.57,3.57,0,0,0,0,28.57,3.57,7.14,3.57,0,0,0,0,3.57,3.57,0,0,0,0,0,0,0,0,0,0,10.71,0,0,0,0,0,0,3.57,0,0,0,0,0,0,0,0,0,0,0,0,0,0,3.57,3.57,3.57,0,0,0,0,0,0,0,0,0,0,0,0,0,0,0,25,0,0,0,0,0,0,0,10.71,10.71,3.57,0,7.14,7.14,0,0,3.57,21.43,0,0,0,0,7.14,14.29,0
I 'm literally out here trading eggs for potatoes Day 1 in our new dystopian society is going well #coronavirusUK #coronavirus,1,0.5685000941157341,0.0905500137036439,0.75,"[1, 0, 1, 1]",1,21,70.33,88.15,99,99,21,33.33,80.95,57.14,38.1,9.52,9.52,4.76,4.76,0,0,0,0,4.76,0,4.76,14.29,4.76,9.52,0,0,14.29,4.76,4.76,4.76,4.76,0,0,14.29,0,0,0,0,0,0,0,0,0,9.52,9.52,0,0,0,0,0,0,0,0,9.52,0,0,0,0,0,0,9.52,0,0,0,0,0,0,0,0,4.76,0,0,4.76,4.76,0,14.29,4.76,4.76,0,0,0,0,9.52,0,0,0,0,0,0,0,0,0,0,14.29,19.05,0,4.76,14.29,0,0,0,9.52,0,4.76,4.76,0,0,0,0,0,14.29,0,0,0,0,4.76,9.52,0
Big day in the Mumford house #sports day,1,0.5341912508010864,0.0428577795459833,0.75,"[0, 1, 1, 1]",1,8,99,,99,,8,12.5,87.5,62.5,25,0,0,0,0,0,0,0,0,12.5,12.5,0,12.5,0,0,0,0,0,12.5,37.5,0,0,0,0,25,0,0,0,0,0,0,0,0,0,0,0,0,0,0,0,0,0,0,0,0,0,0,0,0,0,0,0,0,0,0,0,0,0,0,0,25,12.5,12.5,0,0,0,0,0,0,0,0,0,0,0,0,0,0,0,0,0,0,0,0,0,37.5,12.5,0,0,12.5,0,0,0,25,0,0,0,0,0,0,0,0,12.5,0,0,0,0,0,12.5,0
When you get woken up at 3am because of aftershocks from an earthquake :thumbs_up: :weary_face:,1,0.5288654193282127,0.0447364085060969,0.75,"[1, 0, 1, 1]",1,15,96.08,96.04,19.26,,15,33.33,80,66.67,53.33,6.67,6.67,0,0,6.67,0,0,0,6.67,6.67,6.67,26.67,0,6.67,13.33,0,13.33,0,0,0,0,0,0,20,0,6.67,0,6.67,0,0,0,0,0,0,0,0,0,0,0,0,0,0,0,6.67,0,0,0,0,0,0,6.67,0,0,0,0,0,0,0,0,0,0,0,0,0,0,13.33,0,0,0,0,0,0,0,0,0,0,6.67,0,0,0,0,0,0,6.67,6.67,0,0,6.67,0,0,0,6.67,6.67,0,0,0,0,0,0,0,40,0,0,0,0,0,40,0
"@USER Imagine being allergic to sunlight and thinking you 're God 's favorite . :smirking_face:",0,0.5116239935159683,0.0537234708528131,0.75,"[1, 1, 1, 0]",1,14,56.86,97.11,24.32,98.65,7,42.86,64.29,42.86,28.57,7.14,7.14,0,0,7.14,0,0,0,0,0,0,7.14,7.14,0,7.14,0,14.29,7.14,0,0,0,0,0,14.29,0,14.29,14.29,0,0,0,0,0,0,7.14,7.14,0,0,0,0,0,0,0,0,7.14,0,0,0,0,0,0,7.14,0,0,0,0,0,0,0,0,7.14,0,0,0,0,7.14,7.14,7.14,7.14,0,0,0,0,0,0,0,0,0,0,0,0,0,0,0,0,0,0,0,0,0,0,0,0,0,0,0,0,0,0,0,0,50,7.14,0,0,0,14.29,28.57,0
it 's so rude that i 'm not at the beach right now,1,0.5421679466962814,0.0350997183115601,0.75,"[1, 1, 0, 1]",1,13,4.85,1,98.89,1,13,0,84.62,69.23,61.54,23.08,7.69,7.69,0,0,0,0,15.38,15.38,7.69,0,7.69,0,15.38,7.69,7.69,0,7.69,0,0,0,0,0,15.38,0,7.69,0,0,0,0,0,7.69,0,7.69,0,7.69,7.69,0,7.69,0,7.69,0,0,7.69,7.69,0,0,7.69,0,0,0,0,0,0,0,0,0,0,0,7.69,7.69,0,0,0,0,0,0,0,0,0,0,0,0,0,0,0,0,0,0,0,0,0,0,15.38,7.69,0,0,7.69,0,0,0,7.69,0,7.69,0,0,0,0,0,0,15.38,0,0,0,0,15.38,0,0
i think it should be illegal for the people stopped at the light outside my window to have bad music taste,0,0.5439934358000755,0.0583640155958238,0.75,"[1, 1, 0, 1]",1,21,89.52,16.63,56.69,1,21,14.29,100,76.19,57.14,14.29,9.52,9.52,0,0,0,0,4.76,14.29,9.52,0,19.05,14.29,0,0,0,19.05,14.29,0,4.76,0,0,4.76,14.29,0,9.52,4.76,0,4.76,0,0,0,0,9.52,0,9.52,4.76,0,4.76,0,0,0,0,4.76,0,0,0,0,0,0,4.76,0,0,0,0,0,0,0,0,9.52,4.76,4.76,0,0,0,4.76,0,0,0,0,0,0,4.76,0,0,0,0,0,0,0,0,0,0,19.05,19.05,0,0,4.76,4.76,4.76,0,4.76,4.76,0,0,0,0,0,0,0,0,0,0,0,0,0,0,0
quackity stream is making me so genuinely happy rn,0,0.5184199288487434,0.0445762103441605,0.75,"[0, 1, 1, 1]",1,9,1,2.75,10.18,99,9,22.22,77.78,77.78,55.56,11.11,11.11,11.11,0,0,0,0,0,0,0,0,0,11.11,33.33,11.11,0,22.22,11.11,0,0,0,0,0,33.33,0,22.22,0,11.11,0,0,11.11,0,0,11.11,11.11,0,11.11,11.11,0,0,0,0,0,0,0,0,0,0,0,0,0,0,0,0,0,0,0,0,0,0,0,0,0,0,0,0,0,0,0,0,0,0,0,0,0,0,0,0,0,0,0,0,0,0,0,0,0,0,0,0,0,0,0,22.22,0,11.11,11.11,0,0,0,0,0,0,0,0,0,0,0
I passed my permit test ! ! ! :hot_face:,0,0.5642012655735016,0.0668003884646541,0.75,"[0, 1, 1, 1]",1,6,10.19,1,99,,3,16.67,83.33,50,33.33,33.33,33.33,33.33,0,0,0,0,0,16.67,0,0,0,0,0,0,0,16.67,0,0,16.67,0,0,16.67,16.67,0,16.67,0,16.67,0,0,0,0,0,0,0,0,0,0,0,0,0,0,0,16.67,16.67,0,0,0,0,0,0,0,0,0,0,0,0,0,0,16.67,0,0,16.67,0,0,0,0,0,0,0,0,0,0,0,0,0,0,0,0,0,0,0,0,0,16.67,0,16.67,0,0,0,0,0,16.67,0,0,0,0,0,0,0,100,0,0,0,50,0,50,0
Hey what 's the weather like today ? Am I going to need an umbrella ?,1,0.5252198725938797,0.044581341510914,0.75,"[1, 0, 1, 1]",1,14,96.35,9.23,2.36,,7,14.29,78.57,64.29,50,14.29,7.14,7.14,0,0,0,0,7.14,14.29,14.29,0,14.29,7.14,0,0,0,21.43,0,0,0,0,0,0,21.43,0,7.14,0,0,7.14,0,0,0,0,0,0,0,0,0,0,0,0,0,0,7.14,7.14,0,0,0,0,7.14,0,0,0,0,0,0,0,0,0,0,0,0,0,0,0,0,0,0,0,0,0,0,0,0,7.14,0,0,0,0,0,0,0,0,28.57,0,0,0,0,0,0,0,7.14,0,14.29,14.29,7.14,7.14,0,0,0,21.43,0,0,14.29,0,7.14,0,0
me : :( me after eating one blueberry : :),0,0.5136588364839554,0.0297375652161139,0.75,"[0, 1, 1, 1]",1,8,26.1,1,99,20.23,8,12.5,100,87.5,50,25,25,25,0,0,0,0,0,12.5,0,12.5,12.5,0,0,12.5,0,12.5,0,12.5,0,0,0,0,0,0,0,0,0,0,0,0,0,0,25,12.5,12.5,25,12.5,12.5,0,0,12.5,0,0,0,0,0,0,0,0,0,0,0,0,0,0,0,0,0,0,0,0,0,0,0,25,0,0,0,0,0,0,25,0,0,0,0,0,0,0,0,0,0,0,0,0,0,0,0,0,0,12.5,0,0,0,25,25,0,0,0,75,0,0,0,0,0,75,0
Been looking forward to today all weekend . Mondays are the best . I feel fresh and ready to start the week . SAID NO ONE EVER ! !,1,0.5571028143167496,0.0595813299344781,0.75,"[1, 1, 0, 1]",1,24,62.1,6.61,99,83,6,16.67,100,75,45.83,8.33,4.17,4.17,0,0,0,0,4.17,12.5,8.33,0,8.33,8.33,4.17,4.17,4.17,25,8.33,8.33,4.17,0,4.17,0,50,16.67,4.17,4.17,0,0,0,0,0,0,4.17,4.17,0,0,0,0,0,0,0,0,4.17,4.17,0,0,0,0,4.17,0,0,0,0,0,0,0,0,0,4.17,4.17,0,0,0,0,0,0,0,0,0,0,0,0,0,0,0,0,0,0,0,0,0,0,20.83,12.5,0,0,4.17,4.17,0,4.17,25,8.33,12.5,8.33,0,0,0,0,0,20.83,12.5,0,0,8.33,0,0,0
What kind of sins have y'all been committing for God to punish us with this kinda weather ...,1,0.5899009630084038,0.1080967784230498,0.75,"[1, 0, 1, 1]",1,17,64.21,99,1.39,1,17,11.76,88.24,64.71,52.94,23.53,11.76,0,5.88,5.88,0,0,11.76,5.88,0,0,23.53,11.76,0,0,0,17.65,0,0,11.76,5.88,0,5.88,17.65,0,11.76,0,0,0,5.88,0,5.88,0,11.76,0,11.76,0,0,0,0,0,0,0,23.53,11.76,0,0,0,5.88,0,11.76,0,0,0,0,0,0,0,0,11.76,0,0,0,0,11.76,0,0,0,0,0,0,0,0,0,0,0,0,0,0,0,0,0,0,5.88,0,0,0,0,0,0,0,0,5.88,0,0,5.88,5.88,0,0,0,23.53,17.65,0,0,0,5.88,0,0
Still time to apply for our Clinic Supervisor post ... HTTPURL,0,0.5605280846357346,0.0488324875921933,0.75,"[0, 1, 1, 1]",1,10,89.52,99,7.03,,5,20,80,40,40,10,10,0,10,0,0,0,0,10,0,0,20,0,10,0,0,0,0,0,20,10,0,10,10,0,0,0,0,0,0,0,0,0,0,0,0,0,0,0,0,0,0,0,20,0,0,0,0,0,0,20,0,0,0,0,10,0,0,10,10,0,0,10,0,0,10,10,0,0,0,0,0,0,0,0,0,0,0,0,0,0,0,0,20,0,0,0,0,0,0,0,10,0,0,0,0,0,0,0,0,30,30,0,0,0,0,0,0
what i love about mine and summers work schedules is that she will finish at 8p m and then i 'll start work at 9pm and then when i get home at 7am she 'll start work at 8am :red_heart:,1,0.5003026351332664,0.064333051576263,0.75,"[1, 0, 1, 1]",1,40,11.36,15.75,95.54,59.44,40,7.5,90,60,52.5,20,15,10,0,0,5,0,5,2.5,0,10,12.5,5,5,15,0,12.5,0,0,10,0,10,0,15,0,0,0,0,0,0,0,0,0,2.5,2.5,0,2.5,2.5,0,0,0,0,0,7.5,2.5,0,0,0,0,0,5,0,0,5,0,0,0,0,0,12.5,0,2.5,10,0,0,0,0,0,0,0,0,0,0,0,0,0,2.5,0,0,0,0,0,0,17.5,2.5,0,0,2.5,0,0,0,20,0,2.5,2.5,0,0,0,0,0,12.5,0,0,0,0,5,7.5,0
"I can't tell if my professors keep skipping / delaying Introductions because grad school is so serious and important that you have to immediately dive into material , or if because classes at AU have n't been in-person in two years all the profs are majorly disoriented",0,0.5141725465655327,0.017268271457107,0.75,"[0, 1, 1, 1]",1,45,10.19,17.85,87.45,85.84,45,31.11,86.67,66.67,53.33,8.89,6.67,4.44,0,2.22,0,0,2.22,11.11,2.22,2.22,8.89,13.33,4.44,15.56,2.22,20,4.44,6.67,2.22,0,2.22,0,31.11,2.22,15.56,0,4.44,2.22,6.67,0,8.89,0,4.44,4.44,0,0,0,0,0,0,0,0,11.11,2.22,0,0,0,0,2.22,8.89,0,0,0,0,0,0,0,0,11.11,0,0,11.11,0,0,0,0,0,0,0,0,0,0,0,4.44,0,0,0,0,2.22,0,0,0,6.67,6.67,0,2.22,4.44,0,0,0,6.67,2.22,6.67,4.44,0,0,0,0,0,11.11,0,2.22,0,0,4.44,4.44,0
90 % of adulthood is just refilling your Brita pitcher .,1,0.5404635816812515,0.0827685284735919,0.75,"[1, 0, 1, 1]",1,9,33.38,99,,,9,33.33,55.56,44.44,44.44,11.11,11.11,0,0,11.11,0,0,0,11.11,0,11.11,11.11,11.11,11.11,0,0,11.11,0,0,0,0,0,0,11.11,0,0,0,0,0,0,0,0,0,0,0,0,0,0,0,0,0,0,0,11.11,0,0,0,0,0,0,11.11,0,0,0,0,0,0,0,0,0,0,0,0,0,0,0,0,0,0,0,0,0,0,0,0,0,0,0,0,0,0,0,0,0,0,0,0,0,0,0,0,0,0,11.11,0,0,0,0,0,0,22.22,11.11,0,0,0,0,11.11,0
"I have finished work , yet am still here , latched onto the free Wifi like a newborn child to his mother .",0,0.5365666672587395,0.0570112282563371,0.75,"[1, 1, 0, 1]",1,20,69.05,97.73,28.56,90.5,20,15,95,65,60,10,10,5,0,0,5,0,0,15,10,0,15,10,15,0,0,10,5,0,15,5,10,0,15,0,5,0,0,5,5,0,0,0,5,5,0,0,0,0,0,0,0,0,20,0,0,0,0,0,0,20,5,0,5,5,5,0,0,5,5,0,0,5,0,0,0,0,0,0,0,0,0,0,0,0,0,0,0,0,0,0,0,0,35,10,0,0,10,0,0,0,10,0,5,0,0,0,0,0,0,15,5,10,0,0,0,0,0
Why are the side effects of antidepressants so :sparkles: scary :sparkles:,1,0.5072457119822502,0.0496321611123676,0.75,"[1, 0, 1, 1]",1,11,45.12,,50.45,1,11,36.36,100,54.55,45.45,0,0,0,0,0,0,0,0,9.09,9.09,0,9.09,9.09,18.18,9.09,0,9.09,9.09,0,0,0,0,0,27.27,0,18.18,9.09,18.18,0,0,0,0,0,9.09,0,9.09,9.09,0,9.09,9.09,0,0,0,0,0,0,0,0,0,0,0,0,0,0,0,0,0,0,0,0,0,0,0,0,0,9.09,9.09,0,0,9.09,0,0,0,0,0,0,0,0,0,0,0,0,0,0,27.27,0,0,9.09,18.18,0,0,0,0,9.09,0,0,0,0,0,0,36.36,0,0,0,0,0,36.36,0
"I tried to use GIMP but I hate it and it does n't work with my iCloud Drive . I 'm thinking of just caving & purchasing the Photoshop cc sub :weary_face: I think I can get away with just buying a photoshop subscription , I do n't mind Inkscape & Shotcut .",0,0.5121476873755455,0.0253230894006866,0.75,"[1, 1, 1, 0]",1,48,43.4,1,80.79,20.23,24,16.67,75,62.5,47.92,18.75,14.58,14.58,0,0,0,0,4.17,6.25,4.17,0,10.42,6.25,4.17,4.17,0,18.75,0,0,4.17,0,4.17,0,16.67,0,12.5,4.17,2.08,2.08,0,0,2.08,0,6.25,2.08,2.08,2.08,0,2.08,0,2.08,0,2.08,2.08,2.08,0,0,0,0,2.08,0,0,0,0,0,0,0,0,0,6.25,0,0,2.08,4.17,0,0,0,0,0,0,0,0,0,0,0,0,6.25,0,0,0,0,0,0,8.33,4.17,0,2.08,2.08,0,0,0,0,2.08,4.17,0,2.08,2.08,0,0,0,22.92,4.17,2.08,0,0,6.25,10.42,0
"HOT TAKE : Can we stop romanticizing the grind ? Yes there is value in hard work and determination . However , it is NOT HEALTHY to work yourself until you can hardly function as a human being . There 's a big difference here .",0,0.4858821183443069,0.0964171277273949,0.75,"[1, 1, 1, 0]",1,40,15.41,81,45.52,,10,17.5,87.5,72.5,57.5,10,7.5,0,2.5,5,0,0,2.5,7.5,7.5,0,10,12.5,12.5,10,2.5,15,10,2.5,12.5,2.5,10,0,27.5,2.5,15,0,0,5,2.5,0,7.5,0,0,0,0,0,0,0,0,0,0,0,10,0,0,0,0,0,0,10,0,0,0,0,0,0,0,0,7.5,0,0,7.5,0,0,2.5,2.5,0,2.5,0,0,0,0,0,0,0,2.5,0,0,0,0,0,0,15,12.5,0,0,10,0,0,2.5,5,0,10,0,2.5,0,2.5,0,0,17.5,7.5,2.5,2.5,0,2.5,2.5,0
i do n't understand jackets that do n't have side pockets ? ? ?,0,0.5523439198732376,0.0567787189146716,0.75,"[0, 1, 1, 1]",1,11,1.5,5.27,95.15,,11,27.27,63.64,54.55,45.45,18.18,9.09,9.09,0,0,0,0,9.09,9.09,0,0,0,27.27,0,0,0,36.36,0,0,0,0,0,0,9.09,0,9.09,9.09,0,0,0,0,0,0,0,0,0,0,0,0,0,0,0,0,0,0,0,0,0,0,0,0,0,0,0,0,0,0,0,0,0,0,0,0,0,0,0,0,0,0,0,0,0,0,0,0,0,0,0,0,0,0,0,0,9.09,9.09,0,0,9.09,0,0,0,0,0,0,0,0,0,0,0,0,45.45,0,0,27.27,0,18.18,0,0
"It 's been a bit since I 've had a musical obsession on this level , but has anyone seen / heard Six ?",0,0.5418152362108231,0.0745972537523444,0.75,"[1, 0, 1, 1]",1,21,29.12,16.63,84.92,,21,9.52,90.48,76.19,61.9,19.05,4.76,4.76,0,0,0,0,14.29,19.05,9.52,4.76,9.52,14.29,0,9.52,0,23.81,0,9.52,0,0,0,0,33.33,0,19.05,4.76,4.76,0,4.76,0,4.76,0,0,0,0,0,0,0,0,0,0,0,4.76,0,0,0,0,0,0,4.76,0,0,0,0,0,0,0,0,4.76,4.76,0,0,0,0,0,0,0,0,0,0,0,0,0,0,0,0,0,0,0,0,0,0,0,23.81,4.76,0,4.76,4.76,9.52,0,4.76,19.05,4.76,0,0,0,0,0,0,23.81,0,4.76,4.76,0,9.52,4.76,0
My crazy does n't go away . It 's here to stay .,0,0.5398900061845779,0.0705391948468965,0.75,"[1, 1, 0, 1]",1,11,45.12,5.27,99,,5.5,0,81.82,81.82,54.55,18.18,9.09,9.09,0,0,0,0,9.09,9.09,0,0,18.18,9.09,9.09,0,0,27.27,9.09,0,0,0,0,0,9.09,0,0,0,0,0,0,0,0,0,9.09,0,0,9.09,0,0,0,0,0,0,0,0,0,0,0,0,0,0,0,0,0,0,0,0,0,0,0,0,0,0,0,0,0,0,0,0,0,0,0,0,0,0,0,0,0,0,0,0,0,0,27.27,36.36,0,9.09,36.36,0,0,0,0,0,9.09,0,0,0,0,0,0,36.36,18.18,0,0,0,18.18,0,0
considering crowd surfing the next time the hallways are too packed,1,0.5340332314372063,0.0228112119833271,0.75,"[0, 1, 1, 1]",1,11,89.52,86.82,99,,11,27.27,81.82,63.64,36.36,0,0,0,0,0,0,0,0,18.18,18.18,0,0,9.09,9.09,0,0,27.27,9.09,0,0,0,0,0,36.36,0,9.09,9.09,0,0,0,0,0,0,0,0,0,0,0,0,0,0,0,0,9.09,0,0,0,0,0,0,9.09,0,0,0,0,0,0,0,0,9.09,9.09,0,0,0,0,0,0,0,0,0,0,0,0,0,0,0,0,0,0,0,0,0,0,9.09,9.09,0,9.09,0,0,0,0,18.18,0,9.09,0,0,0,0,0,0,0,0,0,0,0,0,0,0
My living room feels really lively now . I 'm recklessly sipping tea absorbing choons #TaeSup,1,0.5385721102356911,0.0817164156156745,0.75,"[1, 1, 0, 1]",1,15,22.17,1.24,93.95,20.23,7.5,20,66.67,46.67,26.67,13.33,13.33,13.33,0,0,0,0,0,6.67,0,0,0,0,13.33,0,0,6.67,13.33,0,0,0,0,0,20,0,13.33,6.67,0,0,0,6.67,0,0,13.33,6.67,6.67,6.67,6.67,0,0,0,0,0,0,0,0,0,0,0,0,0,0,0,0,0,0,0,0,0,13.33,0,13.33,0,0,0,6.67,0,0,0,0,0,0,6.67,0,0,0,0,0,0,0,0,6.67,0,6.67,6.67,0,0,0,0,0,6.67,6.67,0,13.33,0,0,0,0,0,0,20,6.67,0,0,0,6.67,6.67,0
wow . i left on time today and the airport connector is all the way backed up . love that,1,0.5438772663474083,0.0930462034077019,0.75,"[0, 1, 1, 1]",1,18,89.52,13.82,99,93.93,6,11.11,88.89,61.11,50,11.11,5.56,5.56,0,0,0,0,5.56,22.22,11.11,0,11.11,5.56,0,5.56,0,11.11,0,5.56,0,0,0,0,22.22,5.56,0,0,0,0,0,0,0,0,11.11,5.56,0,11.11,5.56,0,0,0,0,0,5.56,5.56,0,0,0,0,0,0,0,0,0,0,0,0,0,0,0,0,0,0,0,0,0,0,0,0,0,0,0,0,0,0,0,0,0,0,0,0,0,0,16.67,22.22,0,0,22.22,0,0,0,11.11,5.56,11.11,0,5.56,0,0,0,5.56,11.11,11.11,0,0,0,0,0,0
Stop gatekeeping retirement living communities . I am mentally and spiritually ready to move in .,1,0.5359626263380051,0.0497600020936786,0.75,"[1, 0, 1, 1]",1,14,56.86,40.06,99,,7,35.71,100,57.14,42.86,7.14,7.14,7.14,0,0,0,0,0,0,0,0,14.29,7.14,7.14,7.14,0,21.43,0,0,14.29,7.14,0,7.14,21.43,0,7.14,0,0,0,0,0,0,0,0,0,0,0,0,0,0,0,0,0,14.29,7.14,0,0,0,0,0,7.14,0,0,0,0,0,0,0,0,14.29,0,0,7.14,0,7.14,14.29,7.14,0,7.14,0,0,0,0,0,0,0,0,0,0,0,0,0,0,7.14,21.43,0,7.14,14.29,0,0,0,7.14,0,7.14,14.29,0,0,0,0,0,14.29,14.29,0,0,0,0,0,0
"@USER one of them smonks weed so it 's super worth it / s",1,0.597247526049614,0.116996901306646,0.75,"[1, 1, 0, 1]",1,13,14.06,81.78,,99,13,0,61.54,53.85,46.15,23.08,7.69,0,0,0,0,7.69,15.38,7.69,0,7.69,7.69,0,7.69,7.69,0,0,7.69,7.69,0,0,0,0,0,0,0,0,0,0,0,0,0,0,7.69,7.69,0,0,0,0,0,0,0,0,7.69,0,0,0,0,0,0,7.69,0,0,0,0,0,0,0,0,7.69,0,0,0,7.69,0,0,0,0,0,0,0,0,0,0,0,0,0,0,0,0,0,0,0,0,0,0,0,0,0,0,0,0,0,0,0,0,0,0,0,0,23.08,0,0,0,0,7.69,15.38,0
"I 'm sorry but I 'll never understand people complaining about free DLC . Sure it could have been included in the base game , but I 'm still getting the content and for free so who cares",0,0.4958534091711044,0.0233595451500452,0.75,"[0, 1, 1, 1]",1,36,10.19,2.75,59.49,93.93,18,13.89,83.33,75,52.78,13.89,11.11,8.33,0,0,0,0,2.78,5.56,5.56,0,8.33,8.33,11.11,11.11,2.78,19.44,11.11,0,0,0,0,0,22.22,2.78,11.11,2.78,0,2.78,0,0,5.56,0,11.11,8.33,2.78,2.78,0,2.78,0,0,0,0,13.89,8.33,5.56,0,2.78,0,2.78,5.56,0,0,0,0,0,0,0,0,2.78,2.78,0,0,0,0,0,0,0,0,0,0,0,0,0,0,0,2.78,0,0,0,0,0,0,16.67,2.78,0,0,2.78,0,0,0,2.78,5.56,2.78,0,0,0,0,0,0,13.89,2.78,2.78,0,0,8.33,0,0
"Packing to move house , and currently wondering why I had to pick such a heavy hobby ? Like , why did I have to pick reading ? Books are so heavy , my back hurts . Why could n't I have picked knitting ? Yarn is light :smiling_face_with_tear:",1,0.5289550721645355,0.0243709545516429,0.75,"[1, 1, 0, 1]",1,42,13.76,4.61,84.92,3.2,8.4,14.29,88.1,69.05,50,9.52,9.52,9.52,0,0,0,0,0,7.14,2.38,0,9.52,16.67,11.9,4.76,0,30.95,4.76,4.76,0,0,0,0,21.43,0,11.9,2.38,7.14,2.38,2.38,0,0,0,2.38,0,2.38,2.38,0,2.38,0,0,0,0,0,0,0,0,0,0,0,0,0,0,0,0,0,0,0,0,7.14,2.38,2.38,2.38,0,0,2.38,0,0,0,0,0,0,0,0,9.52,0,0,0,0,0,0,0,2.38,9.52,21.43,0,9.52,2.38,2.38,0,7.14,2.38,9.52,7.14,4.76,0,0,0,0,0,30.95,2.38,7.14,7.14,0,2.38,11.9,0
HAPPY WORLD TAPIR DAY EVERYONE ! ! ! HERE IS YOUR YEARLY REMINDER THAT I LOVE TAPIRS ! ! !,0,0.5234583094716072,0.0423241177553359,0.75,"[0, 1, 1, 1]",1,14,2.35,97.11,99,99,7,14.29,85.71,64.29,42.86,28.57,14.29,7.14,0,7.14,0,0,14.29,14.29,0,0,0,7.14,7.14,0,0,7.14,7.14,14.29,0,0,0,0,35.71,7.14,7.14,0,0,0,0,0,0,7.14,14.29,14.29,0,14.29,14.29,0,0,0,0,0,21.43,7.14,0,0,0,0,0,14.29,0,0,0,0,0,0,0,0,0,0,0,0,0,0,0,0,0,0,0,0,0,0,0,0,0,0,0,0,0,0,0,0,28.57,14.29,0,0,14.29,0,0,0,14.29,0,7.14,0,0,0,0,0,0,42.86,0,0,0,42.86,0,0,0
It 's hard to cope without any hope .,0,0.5089571177959442,0.0385125954223502,0.75,"[0, 1, 1, 1]",1,8,89.52,1.71,15.38,99,8,12.5,87.5,75,50,12.5,0,0,0,0,0,0,12.5,12.5,0,0,25,0,12.5,0,0,12.5,12.5,0,0,0,0,0,50,0,50,12.5,0,12.5,25,0,12.5,0,12.5,12.5,0,12.5,12.5,0,0,0,0,0,0,0,0,0,0,0,0,0,0,0,0,0,0,0,0,0,0,0,0,0,0,0,12.5,12.5,0,0,12.5,0,0,0,0,0,12.5,0,0,0,0,0,0,0,0,12.5,0,0,0,0,0,12.5,0,0,0,12.5,0,0,0,0,0,25,12.5,0,0,0,12.5,0,0
I wish that grilled cheese helped you get that summer bod,1,0.5220892056822777,0.0328012973100265,0.75,"[1, 1, 1, 0]",1,11,6.68,86.82,5.07,99,11,9.09,81.82,63.64,36.36,36.36,18.18,9.09,0,9.09,0,0,18.18,18.18,0,0,0,0,0,0,0,27.27,0,0,9.09,9.09,0,0,27.27,0,9.09,0,0,9.09,0,0,0,0,9.09,9.09,0,0,0,0,0,0,0,0,18.18,9.09,9.09,0,0,0,0,9.09,0,0,0,0,0,0,0,0,0,0,0,0,0,0,9.09,0,0,0,0,0,0,9.09,0,0,9.09,9.09,0,0,0,0,0,0,9.09,0,0,0,0,0,0,0,9.09,9.09,0,9.09,0,0,0,0,0,0,0,0,0,0,0,0,0
"I really loved the drive into work today in the dark , wet , heavy rain",1,0.5114774480462074,0.0349706112477062,0.75,"[1, 1, 1, 0]",1,14,99,9.23,99,98.65,14,0,92.86,57.14,42.86,7.14,7.14,7.14,0,0,0,0,0,14.29,14.29,0,14.29,0,7.14,0,0,0,14.29,7.14,7.14,0,7.14,0,21.43,0,7.14,0,0,0,0,7.14,0,0,7.14,7.14,0,7.14,7.14,0,0,0,0,0,7.14,7.14,0,0,0,0,0,0,0,0,0,0,0,0,0,0,7.14,0,0,7.14,0,0,0,0,0,0,0,0,0,0,0,0,0,0,0,0,0,0,0,0,21.43,42.86,0,7.14,14.29,7.14,0,14.29,7.14,7.14,7.14,0,0,0,0,0,0,14.29,0,14.29,0,0,0,0,0
STOP TREATING MARS LIKE A BACK-UP BOYFRIEND JUST FIX YOUR CURRENT RELATIONSHIP WITH EARTH BECAUSE YOU CAN'T LIVE HERE .,1,0.5211499705910683,0.0303607205148657,0.75,"[1, 1, 0, 1]",1,19,36.67,99,70.28,,19,26.32,73.68,57.89,47.37,10.53,10.53,0,0,10.53,0,0,0,10.53,5.26,0,10.53,5.26,10.53,5.26,5.26,10.53,5.26,0,10.53,10.53,0,0,21.05,0,10.53,0,5.26,5.26,0,0,5.26,0,0,0,0,0,0,0,0,0,0,0,21.05,0,0,0,0,0,0,21.05,0,5.26,0,5.26,0,0,0,0,0,0,0,0,0,0,5.26,0,0,0,0,0,0,0,0,0,0,0,0,0,0,0,0,0,21.05,10.53,0,0,10.53,0,0,0,10.53,0,10.53,0,0,0,0,0,0,15.79,5.26,0,0,0,5.26,5.26,0
"Networking , networking and networking - big message from today 's key note speakers #PRS2021",0,0.5519818514585495,0.0875873081852456,0.75,"[1, 0, 1, 1]",1,13,89.52,,30.98,,13,46.15,53.85,30.77,15.38,0,0,0,0,0,0,0,0,0,0,7.69,7.69,0,0,7.69,0,0,15.38,7.69,0,0,0,0,15.38,0,7.69,7.69,0,0,0,0,0,0,0,0,0,0,0,0,0,0,0,0,7.69,7.69,0,0,0,0,7.69,0,0,0,0,0,0,0,0,0,0,0,0,0,0,0,0,0,0,0,0,0,0,0,0,0,0,0,0,0,0,0,0,0,15.38,0,0,0,0,0,0,0,7.69,0,7.69,0,0,0,0,0,0,30.77,0,7.69,0,0,7.69,15.38,0
aquariums are just liquid zoos,0,0.5819355472922325,0.0973642185415117,0.75,"[0, 1, 1, 1]",1,5,3.8,,,,5,20,40,40,40,0,0,0,0,0,0,0,0,0,0,0,0,20,20,0,0,20,0,0,0,0,0,0,20,0,0,0,0,0,0,0,0,0,0,0,0,0,0,0,0,0,0,0,0,0,0,0,0,0,0,0,0,0,0,0,0,0,0,0,0,0,0,0,0,0,0,0,0,0,0,0,0,0,0,0,0,0,0,0,0,0,0,0,0,0,0,0,0,0,0,0,0,0,20,0,0,0,0,0,0,0,0,0,0,0,0,0,0
Good news : Played out of my mind from the sand traps today . Bad news : Was in the sand traps a lot today .,1,0.5305059924721718,0.0431536549716652,0.75,"[1, 0, 1, 1]",1,22,99,17.46,79.84,99,11,0,81.82,54.55,45.45,4.55,4.55,4.55,0,0,0,0,0,22.73,13.64,0,18.18,4.55,0,0,0,9.09,4.55,4.55,0,0,0,0,22.73,0,4.55,0,0,0,0,0,0,0,18.18,13.64,4.55,9.09,4.55,4.55,0,0,0,0,9.09,9.09,0,0,0,0,9.09,0,0,0,0,0,0,0,0,0,4.55,4.55,0,0,0,0,0,0,0,0,0,0,0,0,0,0,0,0,0,0,0,0,0,0,18.18,9.09,0,0,9.09,0,0,0,9.09,9.09,9.09,0,0,0,0,0,0,18.18,9.09,0,0,0,0,9.09,0
""" @USER : FLORIDA YOU LITERALLY HAVE ONE JOB """,1,0.5047575235366821,0.0424846099262951,0.75,"[1, 1, 1, 0]",1,7,18.12,99,,,7,28.57,57.14,42.86,42.86,14.29,14.29,0,0,14.29,0,0,0,14.29,0,14.29,0,14.29,0,0,0,14.29,0,14.29,0,0,0,0,0,0,0,0,0,0,0,0,0,0,0,0,0,0,0,0,0,0,0,0,14.29,0,0,0,0,0,0,14.29,0,0,0,0,0,0,0,0,14.29,0,0,14.29,0,0,0,0,0,0,0,0,0,0,0,0,0,0,0,0,0,0,0,0,14.29,0,0,0,0,0,0,0,0,0,0,0,0,0,0,0,0,57.14,0,0,0,0,0,57.14,0
"Sorry for the overshare but life 's been miserable of late and I need a place to vent so buckle up cowboys , cowgirls , and cowpeople . I present to you : the last three weeks of my life .",0,0.5183272585272789,0.0226166359086007,0.75,"[0, 1, 1, 1]",1,36,85.2,40.06,77.17,2.17,18,16.67,83.33,66.67,52.78,11.11,11.11,8.33,0,2.78,0,0,0,13.89,8.33,2.78,16.67,2.78,2.78,11.11,0,5.56,5.56,5.56,0,0,0,0,16.67,0,5.56,0,0,2.78,0,0,2.78,0,2.78,0,2.78,2.78,0,2.78,0,0,0,0,16.67,2.78,2.78,0,0,0,0,8.33,0,0,2.78,2.78,0,0,0,0,0,0,0,0,0,0,0,0,0,0,0,0,0,0,0,2.78,0,0,0,0,0,0,0,0,11.11,5.56,0,0,5.56,0,0,0,8.33,2.78,0,0,0,0,0,0,0,16.67,5.56,5.56,0,0,2.78,2.78,0
Birds are not real and you can not tell me otherwise .,1,0.500945620238781,0.030761759234819,0.75,"[1, 1, 1, 0]",1,11,1,1,95.15,,11,9.09,90.91,90.91,72.73,18.18,18.18,9.09,0,9.09,0,0,0,0,0,0,0,18.18,0,18.18,18.18,27.27,9.09,0,0,0,0,0,54.55,0,45.45,0,0,9.09,0,9.09,27.27,0,0,0,0,0,0,0,0,0,0,0,18.18,9.09,0,0,0,0,9.09,9.09,0,0,0,0,0,0,0,0,0,0,0,0,0,0,0,0,0,0,0,0,0,0,0,0,0,0,0,0,0,0,0,0,9.09,0,0,0,0,0,0,0,0,0,18.18,0,0,0,0,0,0,9.09,9.09,0,0,0,0,0,0
"As colleges begin making fall re-opening announcments , remember that if your school is reopening this fall , it 's not because it 's suddenly safe or the pandemic is over . It 's because they want your money .",0,0.5237147733569145,0.0507753527603958,0.75,"[0, 1, 1, 1]",1,36,4.55,56.63,96.01,20.23,18,25,83.33,66.67,52.78,22.22,8.33,0,0,5.56,0,2.78,13.89,13.89,2.78,0,5.56,5.56,2.78,13.89,2.78,16.67,2.78,0,0,0,0,0,30.56,0,22.22,2.78,8.33,2.78,5.56,0,8.33,2.78,5.56,2.78,2.78,0,0,0,0,0,0,0,8.33,0,0,0,0,0,0,8.33,0,0,0,0,0,0,0,0,8.33,0,0,5.56,2.78,0,2.78,2.78,2.78,0,0,0,0,0,0,0,2.78,0,0,0,0,0,2.78,0,5.56,8.33,0,5.56,8.33,0,0,0,5.56,2.78,5.56,0,0,0,0,0,0,22.22,5.56,5.56,0,0,8.33,2.78,0
"Oh good , it 's time for the bi-monthly random power outage .",1,0.53547253459692,0.0589090547873035,0.75,"[1, 1, 0, 1]",1,11,97.37,,5.07,99,11,9.09,72.73,45.45,27.27,9.09,0,0,0,0,0,0,9.09,9.09,9.09,0,9.09,0,0,0,0,0,9.09,0,9.09,0,0,9.09,18.18,0,9.09,0,0,0,9.09,0,0,0,9.09,9.09,0,9.09,9.09,0,0,0,0,0,0,0,0,0,0,0,0,0,0,0,0,0,0,0,0,0,0,0,0,0,0,0,0,0,0,0,0,0,0,0,0,0,0,0,0,0,0,0,0,0,18.18,0,0,0,0,0,0,0,9.09,0,0,0,9.09,0,0,9.09,0,36.36,9.09,9.09,0,0,9.09,9.09,0
I have n't used snap in so long and my short attention span / short term memory can't keep track of what we 're talking about :weary_face:,0,0.5328500047326088,0.0666317219791762,0.75,"[0, 1, 1, 1]",1,26,14.06,7.93,81.58,79.29,26,11.54,80.77,65.38,42.31,15.38,11.54,7.69,3.85,0,0,0,3.85,3.85,0,0,11.54,7.69,7.69,7.69,3.85,19.23,11.54,11.54,3.85,3.85,0,0,15.38,0,11.54,0,3.85,3.85,0,0,3.85,3.85,3.85,3.85,0,0,0,0,0,0,0,0,7.69,3.85,0,0,0,0,3.85,3.85,0,0,0,0,0,0,0,0,0,0,0,0,0,0,0,0,0,0,0,0,0,0,0,0,0,0,0,0,0,0,0,0,11.54,15.38,3.85,0,11.54,0,0,0,3.85,3.85,3.85,0,0,0,0,0,0,26.92,0,0,0,0,11.54,15.38,0
keep the mics on pitchers always,0,0.5214816629886627,0.0475401295885809,0.75,"[0, 1, 1, 1]",1,6,99,,39.59,99,6,16.67,66.67,66.67,50,0,0,0,0,0,0,0,0,16.67,16.67,0,16.67,0,16.67,0,0,16.67,0,0,0,0,0,0,16.67,16.67,0,0,0,0,0,0,0,0,16.67,16.67,0,0,0,0,0,0,0,0,0,0,0,0,0,0,0,0,0,0,0,0,0,0,0,0,0,0,0,0,0,0,0,0,0,0,0,0,0,0,0,0,0,0,0,0,0,0,0,0,16.67,0,0,0,0,0,0,0,16.67,0,0,0,0,0,0,0,0,0,0,0,0,0,0,0,0
i am slightly allergic to celery but i bought a 2.5 pound bag so i gotta eat it . taste good tho,0,0.4988244175910949,0.0278677612325488,0.75,"[1, 0, 1, 1]",1,21,5.14,1,84.92,88.66,10.5,9.52,85.71,71.43,47.62,19.05,14.29,14.29,0,0,0,0,4.76,4.76,4.76,4.76,4.76,4.76,9.52,14.29,0,19.05,0,4.76,0,0,0,0,23.81,0,9.52,0,0,0,0,0,9.52,0,4.76,4.76,0,4.76,4.76,0,0,0,0,0,0,0,0,0,0,0,0,0,0,0,0,0,0,0,0,0,4.76,0,0,0,4.76,0,14.29,4.76,4.76,0,0,0,0,9.52,0,4.76,0,4.76,0,0,0,0,0,0,9.52,4.76,0,0,0,0,0,0,0,4.76,4.76,4.76,9.52,9.52,0,0,0,9.52,9.52,0,0,0,0,0,0
I 'm waiting for this yt at work to just just hit me so I can hit him back,0,0.484541155397892,0.0558064973818858,0.75,"[1, 1, 1, 0]",1,19,6.22,3.34,33.61,1,19,5.26,89.47,68.42,63.16,26.32,21.05,15.79,0,0,5.26,0,5.26,5.26,0,0,15.79,5.26,15.79,5.26,0,10.53,0,0,5.26,0,5.26,0,10.53,0,5.26,0,0,5.26,0,0,0,0,10.53,0,10.53,0,0,0,0,0,0,0,5.26,0,0,0,0,0,0,5.26,0,0,0,5.26,0,0,0,0,5.26,0,0,5.26,0,0,0,0,0,0,0,0,0,0,0,0,0,0,0,0,0,0,0,0,10.53,5.26,0,0,5.26,0,0,0,5.26,0,5.26,0,0,0,0,0,0,5.26,0,0,0,0,5.26,0,0
there was a bee in my house yesterday and i have n't seen it since i hope it died,0,0.5405993983149529,0.0402928633278007,0.75,"[1, 1, 0, 1]",1,19,6.22,1,99,92.27,19,5.26,89.47,78.95,63.16,26.32,15.79,15.79,0,0,0,0,10.53,10.53,5.26,0,10.53,10.53,5.26,10.53,0,26.32,0,0,0,0,0,0,26.32,0,10.53,0,5.26,5.26,5.26,0,0,0,5.26,5.26,0,5.26,5.26,0,0,0,0,0,0,0,0,0,0,0,0,0,0,0,0,0,0,0,0,0,5.26,0,5.26,0,0,0,5.26,0,0,0,0,0,0,0,5.26,0,5.26,0,0,0,0,0,0,0,5.26,15.79,0,0,10.53,5.26,0,0,10.53,21.05,0,5.26,0,0,0,0,0,5.26,0,0,0,0,5.26,0,0
Toonami introduced me into anime . #BringBackToonami,0,0.5396873950958252,0.0503988099300356,0.75,"[1, 1, 0, 1]",1,6,89.52,1,99,,3,50,66.67,33.33,33.33,16.67,16.67,16.67,0,0,0,0,0,0,0,0,16.67,0,0,0,0,0,0,0,0,0,0,0,16.67,0,16.67,0,0,0,0,0,0,0,0,0,0,0,0,0,0,0,0,0,0,0,0,0,0,0,0,0,0,0,0,0,0,0,0,0,16.67,16.67,0,0,0,0,0,0,0,0,0,0,0,0,0,0,0,0,0,0,0,0,0,0,0,16.67,0,0,16.67,0,0,0,0,0,0,0,0,0,0,0,0,33.33,16.67,0,0,0,0,16.67,0
"My official ranking of holidays : 1 . Halloween 2 . Valentine 's Day 3 . New Year 's Eve 3.5 . New Year 's Day That 's it , folks",0,0.5235449150204659,0.0276827699991275,0.75,"[0, 1, 1, 1]",1,25,74.19,63.73,99,99,5,20,80,44,16,12,4,4,0,0,0,0,8,8,0,16,4,0,0,0,0,0,12,16,12,4,4,8,28,0,0,0,0,0,0,0,0,0,16,16,0,0,0,0,0,0,0,0,8,0,0,0,0,0,0,8,4,4,0,0,0,0,0,0,4,4,0,0,0,0,0,0,0,0,0,0,0,0,0,0,0,0,0,0,0,0,0,0,16,0,0,0,0,0,0,0,28,0,0,0,0,0,0,0,0,44,20,4,0,0,16,4,0
"@USER tbh I think the only time I hear trans people use it is trans mascs referring to themselves . I 'm sure it does happen but the OG tweet really feels like "" made up a guy to be mad about """,0,0.5481175109744072,0.0761452796211124,0.75,"[0, 1, 1, 1]",1,40,69.05,54.96,78.67,2.86,20,5,92.5,77.5,50,15,10,7.5,0,0,0,2.5,5,7.5,7.5,0,15,10,5,2.5,0,25,5,0,0,0,0,0,32.5,5,20,7.5,5,0,0,2.5,2.5,0,2.5,0,2.5,2.5,0,2.5,0,2.5,0,0,17.5,5,0,0,0,0,2.5,12.5,0,0,0,2.5,0,0,0,0,0,0,0,0,0,0,0,0,0,0,0,0,0,0,0,0,0,0,0,0,0,0,0,0,10,7.5,0,0,2.5,0,2.5,2.5,2.5,2.5,7.5,0,7.5,7.5,0,0,0,12.5,2.5,0,0,0,2.5,7.5,0
"One point of correction though ( literally artistic licence ! ) . At present , exercise has been shown to be effective in other autoimmune conditions but not specifically in APS .",0,0.5870992913842201,0.1048543448669864,0.75,"[1, 0, 1, 1]",1,26,74.95,1,94.47,79.29,13,38.46,69.23,57.69,50,0,0,0,0,0,0,0,0,7.69,0,3.85,19.23,11.54,3.85,7.69,3.85,11.54,11.54,3.85,3.85,0,3.85,0,26.92,0,19.23,0,0,0,7.69,0,11.54,0,3.85,3.85,0,0,0,0,0,0,0,0,0,0,0,0,0,0,0,0,0,0,0,0,0,0,0,0,0,0,0,0,0,0,3.85,3.85,3.85,0,0,0,0,0,0,0,0,0,0,0,0,0,0,0,0,7.69,0,0,7.69,0,0,0,7.69,3.85,11.54,0,0,0,0,0,0,23.08,7.69,3.85,0,3.85,0,7.69,0
How is it possible that Sly Stallone 's ‘ Cobra ' is both the best and the worst movie ever made ?,1,0.5406557768583298,0.036954121455494,0.75,"[0, 1, 1, 1]",1,19,22.98,,8.42,1,19,10.53,78.95,73.68,52.63,10.53,0,0,0,0,0,0,10.53,21.05,10.53,0,0,10.53,10.53,5.26,0,15.79,15.79,5.26,5.26,0,5.26,0,31.58,5.26,15.79,5.26,10.53,0,5.26,0,0,0,5.26,0,5.26,0,0,0,0,0,0,0,0,0,0,0,0,0,0,0,0,0,0,0,0,0,0,0,5.26,5.26,0,0,0,0,0,0,0,0,0,0,0,0,0,0,0,0,0,0,0,0,0,0,5.26,0,0,0,0,0,0,0,5.26,5.26,10.53,0,0,0,0,0,0,21.05,0,0,5.26,0,10.53,5.26,0
days before rodeo is Travis Scott 's best project,0,0.5673776939511299,0.1208941015496618,0.75,"[1, 0, 1, 1]",1,9,66.04,,77.17,,9,11.11,55.56,44.44,22.22,0,0,0,0,0,0,0,0,0,0,0,11.11,11.11,0,11.11,0,11.11,11.11,11.11,11.11,0,11.11,0,33.33,0,0,0,0,0,0,0,0,0,0,0,0,0,0,0,0,0,0,0,0,0,0,0,0,0,0,0,0,0,0,0,0,0,0,0,11.11,0,0,11.11,0,0,0,0,0,0,0,0,0,0,0,0,0,0,0,0,0,0,0,0,11.11,0,0,0,0,0,0,0,22.22,0,11.11,0,0,0,0,0,0,11.11,0,0,0,0,11.11,0,0
cold queso is so much better than warm queso HTTPURL,1,0.5153556615114212,0.0125640280269895,0.75,"[0, 1, 1, 1]",1,10,15.41,3.95,7.03,99,10,10,100,70,40,0,0,0,0,0,0,0,0,10,0,0,10,10,10,20,0,10,40,10,10,0,10,0,20,0,10,0,0,0,0,0,10,0,10,10,0,0,0,0,0,0,0,0,0,0,0,0,0,0,0,0,0,0,0,0,10,0,0,10,0,0,0,0,0,0,20,0,0,0,0,0,0,20,0,0,0,0,0,0,0,0,0,0,10,20,0,0,0,0,0,20,0,0,10,0,0,0,0,0,0,0,0,0,0,0,0,0,0
You never realize how easy life really is until you can't breathe through your nose . :face_without_mouth:,0,0.5227472484111786,0.0353557903206113,0.75,"[1, 0, 1, 1]",1,16,1,99,89.39,96.74,8,25,93.75,75,62.5,18.75,18.75,0,0,18.75,0,0,0,6.25,0,0,12.5,12.5,18.75,6.25,12.5,18.75,6.25,0,0,0,0,0,43.75,6.25,25,12.5,6.25,6.25,0,6.25,6.25,0,6.25,6.25,0,0,0,0,0,0,0,0,25,0,0,0,0,0,0,18.75,0,0,0,0,0,0,0,0,0,0,0,0,0,0,12.5,0,0,0,0,0,0,0,0,0,0,0,0,0,0,0,0,0,12.5,0,0,0,0,0,0,0,12.5,0,18.75,0,0,0,0,0,0,37.5,6.25,0,0,0,6.25,25,0
good evening sharks . hooters but for feet .,1,0.5629271641373634,0.0755641940515333,0.75,"[1, 0, 1, 1]",1,7,89.52,1,99,99,3.5,28.57,71.43,28.57,28.57,0,0,0,0,0,0,0,0,0,0,0,14.29,0,0,14.29,0,0,0,0,0,0,0,0,14.29,0,14.29,0,0,0,0,0,14.29,0,28.57,28.57,0,0,0,0,0,0,0,0,28.57,28.57,0,28.57,0,0,0,0,0,0,0,0,0,0,0,0,0,0,0,0,0,0,14.29,0,0,0,0,0,0,0,0,0,0,0,0,0,0,0,0,0,0,0,0,0,0,0,0,0,28.57,0,0,0,0,0,0,0,0,28.57,28.57,0,0,0,0,0,0
my professor has been fighting with his dog most of class lmao,0,0.5218239799141884,0.0354320793733665,0.75,"[0, 1, 1, 1]",1,12,26.1,6.61,3.81,20.23,12,16.67,91.67,66.67,66.67,25,25,16.67,0,0,8.33,0,0,25,0,0,16.67,16.67,0,0,0,16.67,8.33,8.33,0,0,0,0,16.67,0,0,0,0,0,0,0,0,0,16.67,8.33,8.33,0,0,0,0,0,0,8.33,25,8.33,0,0,8.33,0,0,16.67,0,0,0,8.33,0,0,0,0,16.67,0,0,16.67,0,0,0,0,0,0,0,0,0,0,0,0,0,0,0,0,0,0,0,0,0,0,0,0,0,0,0,0,0,8.33,8.33,0,8.33,8.33,0,0,0,0,0,0,0,0,0,0,0
"No joke , air-fried Twisted Teas are THE BEST .",1,0.5432875230908394,0.0393348336945189,0.75,"[1, 1, 0, 1]",1,8,62.1,1.71,15.38,99,8,25,75,50,37.5,0,0,0,0,0,0,0,0,25,12.5,0,0,12.5,0,0,12.5,12.5,12.5,0,12.5,0,12.5,0,25,12.5,0,0,0,0,0,0,0,0,12.5,12.5,0,0,0,0,0,0,0,0,12.5,12.5,0,0,0,0,0,0,0,0,0,0,0,0,0,0,12.5,12.5,0,0,0,0,0,0,0,0,0,0,0,0,0,0,0,0,0,0,0,0,0,0,25,12.5,0,12.5,0,0,0,0,0,0,12.5,0,0,0,0,0,0,37.5,12.5,12.5,0,0,0,12.5,0
you ever sneeze and are like I am absolutely sneezing for my life right now,0,0.5170417577028275,0.0465227331846233,0.75,"[1, 0, 1, 1]",1,15,1.16,40.06,93.95,,15,13.33,100,73.33,73.33,20,20,13.33,0,6.67,0,0,0,6.67,0,0,13.33,13.33,20,6.67,0,13.33,0,0,0,0,0,0,33.33,6.67,6.67,0,0,0,0,6.67,0,0,0,0,0,0,0,0,0,0,0,0,13.33,0,0,0,0,0,0,6.67,0,0,0,0,0,0,0,0,0,0,0,0,0,0,13.33,13.33,13.33,0,0,0,0,0,0,0,0,0,0,0,0,0,0,0,26.67,0,0,0,0,0,0,0,13.33,0,20,0,6.67,0,6.67,0,0,0,0,0,0,0,0,0,0
"@USER @USER This is all Biden 's failure ... politicians like to pass the buck",0,0.5357845053076744,0.0468796270526335,0.75,"[0, 1, 1, 1]",1,14,96.35,,2.36,,7,14.29,64.29,50,42.86,7.14,0,0,0,0,0,0,7.14,21.43,7.14,0,14.29,7.14,0,0,0,14.29,0,7.14,14.29,0,7.14,7.14,14.29,7.14,0,0,0,0,0,0,0,0,0,0,0,0,0,0,0,0,0,0,0,0,0,0,0,0,0,0,0,0,0,0,7.14,7.14,0,0,0,0,0,0,0,0,0,0,0,0,0,0,0,0,0,0,0,0,0,0,0,0,0,0,14.29,7.14,0,7.14,0,0,0,0,0,0,7.14,0,0,0,0,0,0,42.86,21.43,0,0,0,7.14,14.29,0
I would like to dedicate my hot girl summer to the Eastpointe Chick-Fil-A . Thank you !,1,0.5376127734780312,0.0448625589794176,0.75,"[1, 1, 0, 1]",1,15,77.34,77.41,1.91,99,7.5,20,86.67,60,46.67,20,20,13.33,0,6.67,0,0,0,13.33,6.67,0,13.33,6.67,0,0,0,13.33,6.67,0,6.67,6.67,6.67,0,20,0,13.33,0,0,13.33,0,0,0,0,20,20,0,13.33,13.33,0,0,0,0,0,20,6.67,6.67,6.67,0,0,6.67,13.33,0,0,6.67,0,0,0,0,0,0,0,0,0,0,0,0,0,0,0,0,0,0,0,0,0,0,0,0,0,0,0,0,0,0,6.67,0,0,0,0,0,6.67,6.67,0,0,0,0,0,0,0,0,26.67,6.67,0,0,6.67,0,13.33,0
Just disposed of a dead opossum . Good morning !,1,0.5193370506167412,0.0719993090054941,0.75,"[1, 0, 1, 1]",1,8,98.55,,89.39,99,4,37.5,75,50,37.5,0,0,0,0,0,0,0,0,12.5,12.5,0,12.5,0,12.5,0,0,0,12.5,0,0,0,0,0,0,0,0,0,0,0,0,0,0,0,25,25,0,0,0,0,0,0,0,0,25,25,0,25,0,0,0,0,0,0,0,0,0,0,0,0,0,0,0,0,0,0,12.5,0,0,0,0,0,0,0,12.5,0,0,0,0,0,0,0,0,0,0,0,0,0,0,0,0,0,25,0,0,0,0,0,0,0,0,25,12.5,0,0,12.5,0,0,0
"@USER happy birthday ! !",0,0.5172406658530235,0.0506878197836808,0.75,"[0, 1, 1, 1]",1,3,,,99,99,3,33.33,66.67,33.33,0,0,0,0,0,0,0,0,0,0,0,0,0,0,0,0,0,0,33.33,0,0,0,0,0,33.33,0,0,0,0,0,0,0,0,0,66.67,66.67,0,33.33,33.33,0,0,0,0,0,0,0,0,0,0,0,0,0,0,0,0,0,0,0,0,0,0,0,0,0,0,0,0,0,0,0,0,0,0,0,0,0,0,0,0,0,0,0,0,0,0,0,0,0,0,0,0,0,33.33,0,0,0,0,0,0,0,0,100,0,0,0,66.67,0,33.33,0
Good morning September ... Hello tonsillitis :(,1,0.510119155049324,0.0301917519548208,0.75,"[0, 1, 1, 1]",1,6,,,99,99,3,50,83.33,16.67,0,0,0,0,0,0,0,0,0,0,0,0,0,0,0,0,0,0,0,0,0,0,0,0,16.67,0,0,0,0,0,0,0,0,0,66.67,50,16.67,16.67,0,16.67,0,0,16.67,0,50,50,0,50,0,0,16.67,0,0,0,0,0,0,0,0,0,0,0,0,0,0,0,0,0,0,0,0,0,0,0,0,0,0,0,0,0,0,0,0,0,0,0,0,0,0,0,0,0,50,0,0,0,16.67,16.67,0,0,0,83.33,50,0,0,0,0,33.33,0
Hot dog eating contest as a form of assisted suicide,1,0.5120342150330544,0.0268816440147528,0.75,"[1, 1, 1, 0]",1,10,99,,,,10,30,70,60,30,0,0,0,0,0,0,0,0,10,10,0,20,0,0,10,0,20,10,0,0,0,0,0,0,0,0,0,0,0,0,0,0,0,0,0,0,0,0,0,0,0,0,0,10,10,10,0,0,0,0,0,0,0,0,0,0,0,0,0,0,0,0,0,0,0,20,10,0,0,10,0,0,10,10,0,0,0,0,0,0,0,0,0,0,10,0,0,0,0,0,10,0,0,0,0,0,0,0,0,0,0,0,0,0,0,0,0,0
I get a lot of boy who cried wolf vibes from the Red Cross and their emergency blood shortages all the time,1,0.5683420076966286,0.0757962677185312,0.75,"[0, 1, 1, 1]",1,22,94.5,86.82,20.79,1,22,9.09,86.36,59.09,40.91,13.64,13.64,4.55,0,0,0,4.55,0,22.73,13.64,0,9.09,0,0,4.55,0,13.64,4.55,9.09,0,0,0,0,13.64,4.55,0,0,0,0,0,0,0,0,4.55,0,4.55,4.55,0,4.55,0,0,4.55,0,18.18,4.55,0,0,0,0,4.55,13.64,0,0,0,4.55,0,0,0,0,0,0,0,0,0,0,4.55,0,0,0,0,0,0,0,0,4.55,0,4.55,0,0,0,0,0,0,9.09,9.09,0,4.55,0,4.55,0,0,4.55,4.55,0,0,0,0,0,0,0,0,0,0,0,0,0,0,0
"Started watching house of cards , 4 episodes in . Already I can see it was a good choice :grinning_face_with_smiling_eyes:",1,0.5646927952766418,0.0465183132889031,0.75,"[1, 1, 0, 1]",1,18,66.04,13.82,77.17,93.93,9,27.78,83.33,61.11,44.44,11.11,5.56,5.56,0,0,0,0,5.56,5.56,5.56,5.56,11.11,11.11,5.56,0,0,22.22,0,0,0,0,0,0,27.78,0,11.11,5.56,0,5.56,0,0,0,0,5.56,5.56,0,5.56,5.56,0,0,0,0,0,0,0,0,0,0,0,0,0,0,0,0,0,0,0,0,0,5.56,0,5.56,0,0,0,0,0,0,0,0,0,0,0,0,0,0,0,0,0,0,0,0,0,11.11,16.67,5.56,0,5.56,11.11,0,0,11.11,16.67,5.56,0,0,0,0,0,0,44.44,5.56,5.56,0,0,0,33.33,0
Get the Police involved . Refuse to sail until they mask up . Do n't let them on in the first place . Little point posting on twitter if you 're not going to enforce it . HTTPURL,0,0.5291422978043556,0.0749456636148066,0.75,"[1, 1, 0, 1]",1,34,89.52,24.36,83.69,1.85,6.8,14.71,85.29,58.82,52.94,11.76,8.82,0,0,2.94,0,5.88,2.94,8.82,5.88,2.94,20.59,2.94,0,5.88,5.88,8.82,5.88,5.88,14.71,0,0,14.71,11.76,0,8.82,0,0,0,2.94,0,8.82,0,2.94,0,2.94,0,0,0,0,0,0,0,14.71,5.88,0,0,2.94,0,2.94,8.82,0,0,0,0,2.94,0,0,2.94,0,0,0,0,0,0,0,0,0,0,0,0,0,0,0,0,0,2.94,0,0,0,0,0,0,5.88,11.76,0,2.94,8.82,0,0,0,2.94,0,0,5.88,0,0,0,0,0,17.65,11.76,0,0,0,5.88,0,0
"ah yes , of the course the summer rain pours when im on foot .",1,0.5116071552038193,0.0218850667437422,0.75,"[1, 1, 1, 0]",1,13,89.52,7.93,81.58,,13,0,84.62,69.23,46.15,7.69,7.69,7.69,0,0,0,0,0,15.38,15.38,0,15.38,7.69,7.69,7.69,0,15.38,0,0,0,0,0,0,30.77,7.69,0,0,0,0,0,0,0,0,0,0,0,0,0,0,0,0,0,0,0,0,0,0,0,0,0,0,0,0,0,0,0,0,0,0,0,0,0,0,0,0,7.69,0,0,0,0,0,0,0,0,0,0,0,0,0,0,0,0,0,7.69,0,0,0,0,0,0,0,15.38,0,15.38,0,15.38,0,7.69,7.69,0,15.38,7.69,7.69,0,0,0,0,0
My eldest is having a wild Friday night out . She 's going to bingo . :face_with_tears_of_joy:,1,0.5391145050525665,0.0530020390168299,0.75,"[0, 1, 1, 1]",1,15,77.34,40.06,63.35,,5,6.67,73.33,53.33,46.67,13.33,13.33,6.67,0,0,6.67,0,0,13.33,6.67,0,13.33,13.33,0,0,0,20,6.67,0,0,0,0,0,20,0,0,0,0,0,0,0,0,0,0,0,0,0,0,0,0,0,0,0,6.67,0,0,0,0,0,0,6.67,0,0,6.67,0,0,0,0,0,0,0,0,0,0,0,0,0,0,0,0,0,0,0,0,0,0,0,0,0,0,0,0,0,13.33,6.67,0,0,6.67,0,0,0,13.33,0,6.67,13.33,0,0,0,0,0,60,13.33,0,0,0,6.67,40,0
The only thing I got from college is a caffeine addiction,1,0.5607548579573631,0.0670644030348109,0.75,"[1, 0, 1, 1]",1,11,89.52,5.27,5.07,,11,27.27,100,63.64,54.55,18.18,9.09,9.09,0,0,0,0,9.09,18.18,18.18,0,9.09,9.09,0,0,0,18.18,0,0,0,0,0,0,27.27,18.18,0,0,0,0,0,0,0,0,0,0,0,0,0,0,0,0,0,0,0,0,0,0,0,0,0,0,0,0,0,0,0,0,0,0,9.09,0,0,9.09,0,0,18.18,9.09,0,0,9.09,9.09,0,9.09,0,0,0,9.09,0,0,0,0,0,0,0,0,0,0,0,0,0,0,0,0,9.09,0,0,0,0,0,0,0,0,0,0,0,0,0,0
omg there 's a sheet of ice in front of my school . should I slip and fall ?,1,0.4983608797192573,0.0232578880344426,0.75,"[1, 1, 1, 0]",1,17,64.21,1,99,,8.5,0,82.35,64.71,58.82,17.65,17.65,17.65,0,0,0,0,0,11.76,5.88,0,17.65,5.88,5.88,5.88,0,11.76,0,0,0,0,0,0,5.88,0,5.88,0,0,5.88,0,0,0,0,0,0,0,0,0,0,0,0,0,0,0,0,0,0,0,0,0,0,0,0,0,0,0,0,0,0,5.88,0,0,5.88,0,0,0,0,0,0,0,0,0,0,0,0,0,0,0,0,0,0,0,0,0,29.41,0,11.76,23.53,0,0,0,0,0,0,0,5.88,5.88,0,0,0,17.65,5.88,0,5.88,0,5.88,0,0
"“ If I could have changed anything about my childhood I would have never watched spongebob ” - no one",1,0.5151079744100571,0.0520112289136387,0.75,"[1, 1, 1, 0]",1,17,1,1,83.69,,17,29.41,94.12,82.35,70.59,29.41,17.65,17.65,0,0,0,0,11.76,5.88,0,0,5.88,23.53,11.76,5.88,11.76,35.29,0,0,0,0,0,0,47.06,17.65,29.41,0,5.88,11.76,11.76,0,5.88,0,0,0,0,0,0,0,0,0,0,0,11.76,0,0,0,0,0,0,11.76,11.76,0,0,0,0,0,0,0,0,0,0,0,0,0,0,0,0,0,0,0,0,0,0,0,0,0,0,0,0,0,0,0,11.76,5.88,5.88,0,0,5.88,0,0,11.76,11.76,0,0,0,0,0,0,0,17.65,0,0,0,0,0,17.65,0
"Thank you twitter for deciding to completely reset your list of the "" suggested topics to follow "" I 've clicked to ignore ( all of them ) , so now I 'm back to seeing hundreds of them , every time . Really appreciate you doing that .",1,0.5183756798505783,0.0443718296332357,0.75,"[1, 0, 1, 1]",1,41,62.96,97.41,42.46,89.58,20.5,17.07,82.93,73.17,60.98,19.51,17.07,4.88,0,7.32,0,4.88,2.44,14.63,2.44,2.44,19.51,2.44,9.76,2.44,0,14.63,0,7.32,0,0,0,0,19.51,4.88,9.76,4.88,0,0,0,4.88,0,0,4.88,4.88,0,2.44,2.44,0,0,0,0,0,21.95,9.76,4.88,2.44,0,0,4.88,12.2,0,0,0,0,0,0,0,0,0,0,0,0,0,0,0,0,0,0,0,0,0,0,0,0,0,0,0,0,0,0,0,0,7.32,7.32,2.44,0,2.44,2.44,0,0,4.88,0,2.44,0,0,0,0,0,0,24.39,4.88,4.88,0,0,4.88,9.76,0
Day 3 of night shift : “ Can I get a triple shot puppuccinio ? ”,1,0.552274726331234,0.0899982845869405,0.75,"[0, 1, 1, 1]",1,12,89.52,6.61,39.59,,12,8.33,75,58.33,33.33,8.33,8.33,8.33,0,0,0,0,0,8.33,8.33,8.33,8.33,8.33,0,0,0,16.67,0,16.67,0,0,0,0,25,0,8.33,0,0,8.33,0,0,0,0,0,0,0,0,0,0,0,0,0,0,0,0,0,0,0,0,0,0,0,0,0,0,0,0,0,0,0,0,0,0,0,0,0,0,0,0,0,0,0,0,0,0,0,8.33,0,0,0,0,0,0,25,0,0,0,0,0,0,0,16.67,0,8.33,0,0,0,0,0,0,33.33,0,0,8.33,0,0,25,0
yeah i enjoy some oregano on a nice pasta dinner ( dumps oregano on mac n cheese ),1,0.5433395355939865,0.0646147977353641,0.75,"[1, 0, 1, 1]",1,16,98.55,11.66,1.63,99,16,12.5,68.75,43.75,31.25,6.25,6.25,6.25,0,0,0,0,0,12.5,6.25,0,12.5,0,0,0,0,0,6.25,6.25,0,0,0,0,0,0,0,0,0,0,0,0,0,0,12.5,12.5,0,6.25,6.25,0,0,0,0,0,0,0,0,0,0,0,0,0,0,0,0,0,0,0,0,0,0,0,0,0,0,0,18.75,0,0,0,0,0,0,18.75,0,0,0,0,0,0,0,0,0,0,6.25,0,0,0,0,0,0,0,0,0,0,0,6.25,0,6.25,0,0,12.5,0,0,0,0,0,12.5,0
"@USER @USER Hey Glenn , what is this app called ?",0,0.5109401196241379,0.0374017087019893,0.75,"[0, 1, 1, 1]",1,9,10.19,,,,9,0,66.67,55.56,33.33,22.22,0,0,0,0,0,0,22.22,11.11,0,0,0,11.11,0,0,0,22.22,0,0,0,0,0,0,22.22,0,0,0,0,0,0,0,0,0,0,0,0,0,0,0,0,0,0,0,22.22,22.22,0,0,0,0,22.22,0,0,0,0,0,11.11,0,0,11.11,0,0,0,0,0,0,0,0,0,0,0,0,0,0,0,0,0,0,0,0,0,0,0,0,11.11,0,0,0,0,0,0,0,0,11.11,11.11,0,11.11,11.11,0,0,0,44.44,0,11.11,11.11,0,0,22.22,0
just expressing my love for brandi carlile and brittney howard that is all,0,0.552976593375206,0.0667092876211978,0.75,"[1, 0, 1, 1]",1,13,14.06,7.93,2.93,99,13,23.08,61.54,53.85,53.85,15.38,7.69,7.69,0,0,0,0,7.69,23.08,0,0,7.69,7.69,7.69,7.69,0,7.69,0,7.69,0,0,0,0,15.38,7.69,0,0,0,0,0,0,0,0,7.69,7.69,0,7.69,7.69,0,0,0,0,0,7.69,7.69,0,0,0,0,0,0,0,0,0,0,0,0,0,0,0,0,0,0,0,0,0,0,0,0,0,0,0,0,0,0,0,0,0,0,0,0,0,0,7.69,0,0,0,0,0,0,0,0,0,7.69,0,0,0,0,0,0,0,0,0,0,0,0,0,0
"If you 're able to donate , then use : HTTPURL . If you are n't able to donate , then I 'd appreciate it if this post gained some traction . Every little bit counts . If you 'd like a drawing for your donation , I 'm more than willing to do so . ( 4/4 )",0,0.5437764599919319,0.0671293436155538,0.75,"[1, 1, 0, 1]",1,50,28.63,51.99,63.35,50.98,10,12,84,62,52,16,12,4,0,8,0,0,4,10,2,4,12,4,2,16,0,8,4,12,12,6,6,0,18,2,14,2,2,0,8,0,10,0,2,2,0,2,2,0,0,0,0,0,16,8,8,0,0,0,0,8,0,0,0,0,2,0,0,2,6,0,0,0,6,0,0,0,0,0,0,0,0,0,0,0,0,2,0,0,0,2,0,0,2,0,0,0,0,0,0,0,4,0,4,0,0,0,0,0,0,32,8,6,0,0,10,8,0
Anyone calling vaccine passports unworkable needs to explain how it 's different to requiring ID to enter a nightclub .,0,0.5576552003622055,0.0801815392563602,0.75,"[0, 1, 1, 1]",1,19,80.4,14.81,33.61,,19,42.11,73.68,63.16,42.11,15.79,5.26,5.26,0,0,0,0,10.53,5.26,5.26,0,15.79,5.26,5.26,0,0,21.05,5.26,0,0,0,0,0,31.58,0,31.58,10.53,5.26,10.53,5.26,0,5.26,0,0,0,0,0,0,0,0,0,0,0,10.53,5.26,0,0,0,0,5.26,5.26,0,0,0,0,0,0,0,0,0,0,0,0,0,0,5.26,5.26,5.26,0,0,0,0,0,0,10.53,0,0,0,0,0,0,0,0,0,5.26,0,5.26,0,0,0,0,0,0,5.26,0,0,0,0,0,0,10.53,5.26,0,0,0,5.26,0,0
best day of my life we got a new expensive vaccuum WOOOOOOOO,0,0.5107489824295044,0.0196473015928258,0.75,"[1, 0, 1, 1]",1,12,89.52,84.23,89.39,99,12,25,91.67,83.33,33.33,16.67,16.67,8.33,8.33,0,0,0,0,16.67,8.33,0,8.33,0,0,0,0,8.33,25,8.33,16.67,8.33,8.33,0,16.67,0,0,0,0,0,0,0,0,0,16.67,16.67,0,8.33,8.33,0,0,0,0,0,16.67,0,0,0,0,0,0,8.33,0,0,0,0,0,0,0,0,8.33,0,0,0,8.33,0,0,0,0,0,0,0,0,0,0,0,0,8.33,0,0,0,0,0,0,25,0,0,0,0,0,0,0,16.67,0,0,0,8.33,8.33,8.33,0,0,0,0,0,0,0,0,0,0
It 's that time again . Please recommend some good period dramas and comedies .,0,0.5073058381676674,0.015100400981337,0.75,"[0, 1, 1, 1]",1,13,14.06,,81.58,99,6.5,15.38,84.62,38.46,38.46,15.38,0,0,0,0,0,0,15.38,15.38,0,0,0,0,7.69,7.69,0,0,0,7.69,0,0,0,0,23.08,0,0,0,0,0,0,0,0,0,23.08,23.08,0,7.69,7.69,0,0,0,0,0,15.38,15.38,7.69,7.69,0,0,0,0,0,0,0,0,0,0,0,0,7.69,7.69,0,0,0,0,0,0,0,0,0,0,0,0,0,0,0,0,0,0,0,0,0,0,15.38,0,0,0,0,0,0,0,23.08,0,0,0,0,0,0,0,0,23.08,15.38,0,0,0,7.69,0,0
I 'm just living off salads and yogurt and loving it tbh,1,0.505336083471775,0.0438586094473364,0.75,"[1, 1, 0, 1]",1,12,10.19,6.61,89.39,99,12,0,91.67,66.67,58.33,16.67,8.33,8.33,0,0,0,0,8.33,0,0,0,16.67,8.33,8.33,16.67,0,8.33,0,0,0,0,0,0,8.33,0,8.33,8.33,0,0,0,0,0,0,8.33,8.33,0,8.33,8.33,0,0,0,0,0,8.33,8.33,8.33,0,0,0,0,0,0,0,0,0,0,0,0,0,0,0,0,0,0,0,25,0,0,0,0,0,0,16.67,0,0,0,0,0,0,0,0,0,0,0,8.33,0,0,8.33,0,0,0,0,0,0,0,8.33,8.33,0,0,0,8.33,0,0,0,0,8.33,0,0
"It was almost 70 degrees today but no , global warming does n't exist :unamused_face:",1,0.5592037290334702,0.0595677348145425,0.75,"[0, 1, 1, 1]",1,14,2.35,1,72.58,,14,21.43,71.43,57.14,42.86,7.14,0,0,0,0,0,0,7.14,7.14,0,7.14,0,14.29,7.14,7.14,7.14,14.29,14.29,0,0,0,0,0,42.86,7.14,14.29,0,0,0,7.14,0,7.14,0,0,0,0,0,0,0,0,0,0,0,0,0,0,0,0,0,0,0,0,0,0,0,0,0,0,0,0,0,0,0,0,0,0,0,0,0,0,0,0,0,0,0,0,0,0,0,0,0,0,0,14.29,14.29,0,0,7.14,0,0,7.14,7.14,7.14,14.29,0,0,0,0,0,0,35.71,0,7.14,0,0,7.14,21.43,0
a level tudor history can do one,1,0.5014238506555557,0.0231498205398407,0.75,"[1, 0, 1, 1]",1,7,56.86,,24.32,,7,14.29,85.71,57.14,57.14,0,0,0,0,0,0,0,0,28.57,14.29,14.29,0,28.57,0,0,0,28.57,0,14.29,0,0,0,0,28.57,0,14.29,0,0,14.29,0,0,0,0,0,0,0,0,0,0,0,0,0,0,0,0,0,0,0,0,0,0,0,0,0,0,0,0,0,0,0,0,0,0,0,0,0,0,0,0,0,0,0,0,0,0,0,0,0,0,0,0,0,0,0,14.29,0,0,14.29,0,0,0,14.29,14.29,14.29,0,0,0,0,0,0,0,0,0,0,0,0,0,0
"Do n't you just love Monday mornings , they are even better when its freezing cold and you have an uncooperative child too !",1,0.5161504372954369,0.0505978238409948,0.75,"[1, 0, 1, 1]",1,22,1,99,20.79,99,22,13.64,86.36,68.18,59.09,18.18,13.64,0,0,9.09,0,4.55,4.55,9.09,4.55,0,0,13.64,18.18,9.09,0,13.64,9.09,0,4.55,0,4.55,0,18.18,0,0,0,0,0,0,0,0,0,9.09,9.09,0,4.55,4.55,0,0,0,0,0,22.73,4.55,0,0,0,0,0,18.18,0,0,0,0,0,0,0,0,0,0,0,0,0,0,0,0,0,0,0,0,0,0,0,0,0,0,0,0,0,0,0,0,18.18,4.55,0,0,0,0,0,4.55,13.64,0,4.55,0,0,0,0,0,0,13.64,0,4.55,0,4.55,4.55,0,0
"This weather is really making me want to put shorts on , flock to the beach and get the deck chair out ... Yeah right ! ! !",1,0.5315176397562027,0.0477578373835213,0.75,"[1, 0, 1, 1]",1,23,94.33,18.24,17.84,,11.5,4.35,78.26,69.57,47.83,8.7,4.35,4.35,0,0,0,0,4.35,13.04,8.7,0,17.39,4.35,4.35,4.35,0,21.74,0,0,0,0,0,0,17.39,0,13.04,0,4.35,4.35,0,4.35,0,0,0,0,0,0,0,0,0,0,0,0,0,0,0,0,0,0,0,0,0,0,0,0,0,0,0,0,4.35,4.35,0,0,0,0,0,0,0,0,0,0,0,0,0,0,4.35,4.35,0,0,0,0,0,0,13.04,13.04,0,4.35,8.7,0,0,0,0,0,4.35,0,4.35,0,4.35,0,0,30.43,13.04,4.35,0,13.04,0,0,0
"@USER @USER can i use this chiamus for my ap lang speech about parallelism lmao",1,0.5178514420986176,0.0224625029272218,0.75,"[1, 1, 1, 0]",1,15,22.17,1,19.26,97.84,15,13.33,60,53.33,46.67,26.67,20,20,0,0,0,0,6.67,13.33,0,0,13.33,6.67,6.67,0,0,13.33,0,0,0,0,0,0,13.33,0,13.33,0,6.67,6.67,0,0,0,0,6.67,6.67,0,0,0,0,0,0,0,6.67,6.67,6.67,0,0,0,0,6.67,0,0,0,0,0,0,0,0,0,0,0,0,0,0,0,0,0,0,0,0,0,0,0,0,0,0,0,0,0,0,0,0,0,0,0,0,0,0,0,0,0,0,0,6.67,0,6.67,6.67,0,0,0,13.33,0,0,0,0,0,13.33,0
future mvp lamelo ball,0,0.5065527632832527,0.0075288201164165,0.75,"[1, 0, 1, 1]",1,4,,,89.39,,4,0,50,0,0,0,0,0,0,0,0,0,0,0,0,0,0,0,0,0,0,0,0,0,25,0,0,25,25,0,0,0,0,0,0,0,0,0,0,0,0,0,0,0,0,0,0,0,0,0,0,0,0,0,0,0,0,0,0,0,0,0,0,0,0,0,0,0,0,0,0,0,0,0,0,0,0,0,0,0,0,0,0,0,0,0,0,0,0,0,0,0,0,0,0,0,25,0,0,25,0,0,0,0,0,0,0,0,0,0,0,0,0
Another thing lost to climate change : parents making their kids wear long sleeved shirts under their costumes bc its cold out #halloween2019,0,0.4962078332901001,0.0857905700572046,0.75,"[0, 1, 1, 1]",1,22,58.76,96.39,79.84,1,22,27.27,81.82,63.64,40.91,22.73,9.09,0,0,0,0,9.09,13.64,18.18,0,4.55,13.64,0,0,4.55,0,13.64,13.64,9.09,4.55,4.55,0,0,22.73,0,18.18,0,13.64,0,0,0,4.55,0,4.55,0,4.55,0,0,0,0,0,0,0,18.18,0,0,0,0,0,0,18.18,4.55,0,0,0,0,0,0,0,0,0,0,0,0,0,0,0,0,0,0,0,0,0,0,0,0,0,0,0,0,0,0,0,13.64,18.18,0,0,13.64,0,0,4.55,4.55,4.55,0,0,4.55,4.55,0,0,0,9.09,0,0,0,0,0,9.09,0
I just love the weather in Edinburgh have to dress for every season peeing with rain this morning now beautiful blue skys ! ! Just love getting soaked :face_with_steam_from_nose:,1,0.5594630464911461,0.1227329254349208,0.75,"[1, 1, 1, 0]",1,27,83.52,20.91,52.89,99,13.5,22.22,77.78,59.26,40.74,7.41,3.7,3.7,0,0,0,0,3.7,11.11,3.7,0,14.81,3.7,11.11,0,0,11.11,7.41,3.7,0,0,0,0,14.81,3.7,0,0,0,0,0,0,0,0,11.11,11.11,0,7.41,7.41,0,0,0,0,0,7.41,7.41,0,0,0,0,0,0,0,0,0,0,0,0,0,0,0,0,0,0,0,0,3.7,0,0,0,0,0,0,0,0,7.41,0,3.7,0,0,0,0,0,0,14.81,11.11,0,0,3.7,3.7,0,3.7,11.11,0,3.7,7.41,0,0,0,0,0,29.63,0,0,0,7.41,0,22.22,0
What a wonderful time to have your AC go out HTTPURL,1,0.5188646614551544,0.0380974226458414,0.75,"[1, 1, 1, 0]",1,11,89.52,99,99,99,11,18.18,90.91,72.73,54.55,18.18,9.09,0,0,9.09,0,0,9.09,18.18,9.09,0,18.18,9.09,0,0,0,18.18,9.09,0,0,0,0,0,9.09,0,0,0,0,0,0,0,0,0,9.09,9.09,0,9.09,9.09,0,0,0,0,0,9.09,0,0,0,0,0,0,9.09,0,0,0,0,9.09,0,0,9.09,0,0,0,0,0,0,0,0,0,0,0,0,0,0,0,0,0,0,0,0,0,0,0,0,36.36,18.18,0,9.09,18.18,0,0,0,9.09,0,0,0,0,0,0,0,0,0,0,0,0,0,0,0,0
the vaccination man said i could have some heart problem stuff . i 'm being very brave,0,0.551169827580452,0.0684416351103784,0.75,"[0, 1, 1, 1]",1,16,5.64,11.66,1.63,96.74,8,12.5,93.75,68.75,56.25,18.75,12.5,12.5,0,0,0,0,6.25,12.5,6.25,0,0,18.75,6.25,0,0,25,6.25,6.25,0,0,0,0,18.75,0,12.5,0,0,6.25,0,0,0,0,6.25,6.25,0,0,0,0,0,0,0,0,18.75,12.5,0,0,0,6.25,6.25,6.25,0,0,0,6.25,0,0,0,0,0,0,0,0,0,0,12.5,6.25,6.25,0,0,0,0,0,0,0,0,0,0,0,0,0,0,0,6.25,0,0,0,0,0,0,0,0,6.25,0,0,0,0,0,0,0,12.5,6.25,0,0,0,6.25,0,0
First day of school and spectrum internet has already shit itself . Amazing,1,0.5170597806572914,0.0303165383119325,0.75,"[1, 0, 1, 1]",1,12,26.1,6.61,39.59,99,6,33.33,91.67,58.33,50,8.33,0,0,0,0,0,0,8.33,8.33,0,8.33,8.33,8.33,8.33,8.33,0,8.33,8.33,16.67,0,0,0,0,25,0,0,0,0,0,0,0,0,0,16.67,8.33,0,8.33,8.33,0,0,0,0,8.33,0,0,0,0,0,0,0,0,0,0,0,0,8.33,0,0,8.33,8.33,0,0,8.33,0,0,0,0,0,0,0,0,0,0,0,0,0,0,0,0,0,0,0,0,8.33,0,0,0,0,0,0,0,16.67,8.33,8.33,0,0,0,0,0,0,8.33,8.33,0,0,0,0,0,0
absolutely love waking up to the fire alarm at 7 am :smiling_face_with_heart-eyes:,1,0.5040498152375221,0.0317147894221494,0.75,"[1, 0, 1, 1]",1,12,99,,3.81,99,12,16.67,75,50,50,0,0,0,0,0,0,0,0,8.33,8.33,8.33,25,8.33,8.33,0,0,8.33,0,0,0,0,0,0,16.67,0,8.33,0,0,0,0,8.33,0,0,8.33,8.33,0,8.33,8.33,0,0,0,0,0,8.33,8.33,0,0,0,0,0,0,0,0,0,0,0,0,0,0,0,0,0,0,0,0,0,0,0,0,0,0,0,0,0,0,0,0,0,0,0,0,0,0,8.33,16.67,8.33,0,8.33,0,0,0,0,0,8.33,0,8.33,0,8.33,0,0,50,0,0,0,0,0,50,0
How do you figure out the guy in the office who does n't have a smartphone ? He 's the one walking into the bathroom with a book under his arm .,0,0.5183561816811562,0.0252450020544964,0.75,"[1, 1, 1, 0]",1,30,97.77,99,39.59,,15,10,90,66.67,63.33,13.33,13.33,0,0,3.33,6.67,0,0,23.33,20,0,16.67,10,3.33,0,0,13.33,0,0,0,0,0,0,20,6.67,10,10,3.33,0,0,0,0,0,0,0,0,0,0,0,0,0,0,0,16.67,0,0,0,0,0,0,16.67,0,0,0,10,3.33,0,0,3.33,6.67,0,0,6.67,0,0,3.33,0,0,0,0,0,0,0,0,0,0,0,0,0,0,0,0,0,3.33,13.33,0,3.33,10,0,0,0,0,0,3.33,0,0,0,0,0,0,13.33,3.33,0,3.33,0,6.67,0,0
this just in : phobias CAN be chosen and you CAN get rid of them by just not being scared ! :smiling_face_with_hearts: / s,1,0.5177545472979546,0.0394802171809026,0.75,"[1, 0, 1, 1]",1,21,5.14,67.92,1,1,10.5,9.52,85.71,76.19,66.67,14.29,9.52,0,0,4.76,0,4.76,4.76,4.76,0,0,14.29,19.05,9.52,4.76,4.76,28.57,0,0,0,0,0,0,14.29,0,14.29,0,0,9.52,0,0,4.76,0,14.29,0,14.29,9.52,0,9.52,9.52,0,0,0,9.52,0,0,0,0,0,0,9.52,0,0,0,0,0,0,0,0,0,0,0,0,0,0,4.76,4.76,0,0,4.76,0,0,0,0,0,0,4.76,0,0,0,0,0,0,4.76,4.76,0,0,4.76,0,0,0,0,0,9.52,0,0,0,0,0,0,38.1,0,0,0,4.76,0,33.33,0
"@USER @USER Its literally very common . My friends son was concieved while she was in the pill . You do know it 's only 91 % effective right ? That means for 9 % of women , that form of birth control fails .",0,0.5703236162662506,0.0354726233316423,1.0,"[1, 1, 1, 1]",1,38,36.67,95.8,8.42,61.63,9.5,13.16,84.21,57.89,47.37,18.42,7.89,2.63,0,2.63,2.63,0,10.53,13.16,2.63,5.26,10.53,7.89,5.26,2.63,0,13.16,7.89,0,7.89,2.63,5.26,0,13.16,0,5.26,5.26,0,0,0,0,0,0,2.63,2.63,0,0,0,0,0,0,0,0,13.16,0,0,0,0,0,0,13.16,2.63,2.63,5.26,2.63,0,0,0,0,0,0,0,0,0,0,7.89,7.89,0,0,0,0,5.26,0,0,0,0,0,0,0,0,0,0,0,7.89,2.63,0,0,2.63,0,0,0,2.63,5.26,2.63,0,0,0,0,0,0,26.32,7.89,2.63,2.63,0,2.63,10.53,0
Ready to not be pregnant so I can enjoy my first espresso martini,0,0.5614715665578842,0.0471619669500867,1.0,"[1, 1, 1, 1]",1,13,1.3,1,30.98,99,13,23.08,100,61.54,61.54,15.38,15.38,15.38,0,0,0,0,0,15.38,0,7.69,7.69,15.38,7.69,7.69,7.69,15.38,7.69,7.69,0,0,0,0,15.38,0,15.38,0,0,7.69,0,0,7.69,0,7.69,7.69,0,7.69,7.69,0,0,0,0,0,7.69,0,0,0,0,0,0,7.69,7.69,0,0,0,0,0,0,0,0,0,0,0,0,0,23.08,7.69,0,0,0,7.69,7.69,15.38,0,0,0,0,0,0,0,0,0,0,7.69,0,0,0,0,0,0,0,0,0,7.69,15.38,0,0,0,0,0,0,0,0,0,0,0,0,0
Been allergic to peanuts for over a decade but still crave PB & J all the time,0,0.5329611301422119,0.0119828920976427,1.0,"[1, 1, 1, 1]",1,16,98.55,11.66,89.39,,16,12.5,87.5,68.75,56.25,0,0,0,0,0,0,0,0,18.75,12.5,0,18.75,6.25,6.25,6.25,0,12.5,0,12.5,0,0,0,0,31.25,6.25,6.25,0,0,0,0,0,6.25,0,0,0,0,0,0,0,0,0,0,0,0,0,0,0,0,0,0,0,0,0,0,0,0,0,0,0,0,0,0,0,0,0,12.5,6.25,6.25,0,0,0,0,6.25,0,0,6.25,0,0,0,0,0,0,0,12.5,6.25,0,0,6.25,0,0,0,12.5,6.25,0,0,0,0,0,0,0,6.25,0,0,0,0,0,6.25,0
":two_hearts: tip for baking bread ! :bread: :croissant: :baguette_bread: you can use the yeast in your dog 's ears to substitute active dry yeast or instant yeast in a pinch ! :two_hearts:",1,0.5494996458292007,0.0299826768512388,1.0,"[1, 1, 1, 1]",1,30,96.08,89.5,7.03,,10,20,60,46.67,33.33,6.67,6.67,0,0,6.67,0,0,0,10,6.67,0,13.33,3.33,0,3.33,0,10,6.67,0,0,0,0,0,10,0,10,0,3.33,3.33,3.33,0,3.33,0,0,0,0,0,0,0,0,0,0,0,6.67,0,0,0,0,0,0,6.67,0,0,0,0,0,0,0,0,0,0,0,0,0,0,13.33,0,0,0,0,0,0,10,0,0,0,0,0,0,0,0,0,0,0,13.33,0,0,6.67,0,3.33,3.33,3.33,0,3.33,0,0,0,0,0,0,53.33,0,0,0,6.67,3.33,43.33,0
maybe i 'll shut up about wisconsin drivers when y'all stop fuckin driving like that,0,0.5334077924489975,0.0197369015705555,1.0,"[1, 1, 1, 1]",1,15,22.17,40.06,93.95,1,15,20,80,53.33,53.33,20,13.33,6.67,0,6.67,0,0,6.67,6.67,0,0,20,0,20,6.67,0,0,0,0,0,0,0,0,20,0,6.67,0,0,0,6.67,0,0,0,20,0,13.33,0,0,0,0,0,0,6.67,6.67,0,0,0,0,0,0,6.67,0,0,0,0,0,0,0,0,0,0,0,0,0,0,0,0,0,0,0,0,0,0,0,0,0,0,0,0,0,0,0,0,13.33,6.67,0,6.67,0,0,0,0,13.33,0,0,0,0,0,0,0,0,13.33,0,0,0,0,13.33,0,0
Anyone else hear some like thunder or something ?,1,0.5705102980136871,0.0997445790005918,1.0,"[1, 1, 1, 1]",1,8,5.64,1.71,89.39,,8,25,87.5,87.5,75,25,0,0,0,0,0,0,25,12.5,0,0,12.5,0,12.5,12.5,0,12.5,12.5,12.5,0,0,0,0,50,0,50,0,0,0,37.5,0,25,0,0,0,0,0,0,0,0,0,0,0,12.5,0,0,0,0,0,0,12.5,0,0,0,0,0,0,0,0,0,0,0,0,0,0,0,0,0,0,0,0,0,0,0,0,0,0,0,0,0,0,0,0,12.5,12.5,0,0,0,0,12.5,0,0,0,0,0,0,0,0,0,0,12.5,0,0,12.5,0,0,0,0
I miss frenemies so much,0,0.5432157069444656,0.036043201723182,1.0,"[1, 1, 1, 1]",1,5,1,40.06,63.35,,5,20,100,80,60,20,20,20,0,0,0,0,0,20,0,0,0,0,20,20,0,0,20,20,0,0,0,0,0,0,0,0,0,0,0,0,0,0,0,0,0,0,0,0,0,0,0,0,40,20,0,0,20,0,0,20,0,0,0,0,0,0,0,0,0,0,0,0,0,0,0,0,0,0,0,0,0,0,0,0,0,0,0,0,0,0,0,0,0,0,0,0,0,0,0,0,0,0,0,0,20,20,0,0,0,0,0,0,0,0,0,0,0
Very moved by the accounts coming from Afghanistan right now . We can debate the merits / pitfalls of Western intervention endlessly but relinquishing control to the Taliban is unquestionably the worst thing for the country now .,0,0.511843204498291,0.0103064028804129,1.0,"[1, 1, 1, 1]",1,35,95.41,57.11,80.49,20.23,17.5,31.43,85.71,65.71,51.43,5.71,2.86,0,2.86,0,0,0,2.86,14.29,14.29,0,14.29,5.71,8.57,2.86,0,11.43,8.57,0,8.57,2.86,2.86,2.86,20,0,11.43,0,2.86,2.86,0,2.86,2.86,0,5.71,2.86,2.86,0,0,0,0,0,0,0,8.57,2.86,0,0,0,0,2.86,2.86,0,0,0,0,0,0,0,0,2.86,0,0,2.86,2.86,0,0,0,0,0,0,0,0,0,0,0,0,0,0,0,0,0,0,0,11.43,11.43,0,5.71,8.57,0,0,0,8.57,2.86,11.43,0,0,0,0,0,0,8.57,5.71,0,0,0,0,2.86,0
Why would Alexa 's recipe for Yorkshire pudding be a bhaji yorkshire pudding ? ? @USER,1,0.5250194072723389,0.0249575252103163,1.0,"[1, 1, 1, 1]",1,14,76.24,,1,,7,28.57,35.71,35.71,35.71,0,0,0,0,0,0,0,0,7.14,7.14,0,7.14,14.29,7.14,0,0,14.29,0,0,0,0,0,0,14.29,0,14.29,0,7.14,7.14,0,0,0,0,0,0,0,0,0,0,0,0,0,0,0,0,0,0,0,0,0,0,0,0,0,0,0,0,0,0,0,0,0,0,0,0,0,0,0,0,0,0,0,0,0,0,0,0,0,0,0,0,0,0,0,0,0,0,0,0,0,0,0,0,0,0,0,0,0,0,0,28.57,0,0,14.29,0,7.14,7.14,0
"back in the office . Everybody asks me , "" Happy to be back ? "" I chuckle and reply , "" No . I 'd much rather be surrounded by tourists than idiots . """,0,0.5400944948196411,0.0253879838100331,1.0,"[1, 1, 1, 1]",1,26,41.98,1,98.89,99,6.5,15.38,92.31,65.38,57.69,15.38,11.54,11.54,0,0,0,0,3.85,11.54,3.85,0,15.38,7.69,3.85,7.69,3.85,11.54,7.69,3.85,0,0,0,0,19.23,7.69,7.69,0,0,0,3.85,0,3.85,0,11.54,7.69,0,7.69,7.69,0,0,0,0,3.85,11.54,7.69,0,0,0,0,7.69,3.85,0,0,0,0,0,0,0,0,3.85,0,0,3.85,0,0,0,0,0,0,0,0,0,0,0,0,0,0,0,0,0,0,0,0,11.54,15.38,0,0,15.38,0,0,0,0,0,3.85,0,0,0,0,0,0,42.31,11.54,7.69,3.85,0,3.85,15.38,0
Ah gotta love that Friday morning burnt out feeling :sunrise_over_mountains:,1,0.5468791127204895,0.0343024720617162,1.0,"[1, 1, 1, 1]",1,10,89.52,,99,99,10,30,100,50,20,10,0,0,0,0,0,0,10,10,0,0,10,0,0,0,0,10,10,0,0,0,0,0,50,0,10,10,0,0,0,0,0,0,10,10,0,10,10,0,0,0,0,0,10,10,0,0,0,0,0,0,0,0,0,0,0,0,0,0,0,0,0,0,0,0,0,0,0,0,0,0,0,0,0,10,0,0,0,0,0,0,0,0,20,20,0,0,10,0,0,10,30,0,0,10,20,10,0,10,0,40,0,0,0,0,0,40,0
if i saw a capybara in person id probably throw up,1,0.5484415143728256,0.0070053808537701,1.0,"[1, 1, 1, 1]",1,11,45.12,1,99,,11,18.18,90.91,81.82,63.64,18.18,18.18,18.18,0,0,0,0,0,9.09,9.09,0,18.18,9.09,9.09,9.09,0,27.27,0,0,0,0,0,0,27.27,0,27.27,0,0,9.09,18.18,0,9.09,0,0,0,0,0,0,0,0,0,0,0,9.09,0,0,0,0,0,0,9.09,0,0,0,0,0,0,0,0,0,0,0,0,0,0,0,0,0,0,0,0,0,0,0,0,0,0,0,0,0,0,0,0,0,36.36,0,9.09,18.18,9.09,0,0,0,9.09,0,0,0,0,0,0,0,0,0,0,0,0,0,0,0
i 'm going to a butch brunch / clothes swap this weekend and i think this is the most excited i 've been to socialize in a year,0,0.538454681634903,0.0283155008689359,1.0,"[1, 1, 1, 1]",1,27,75.62,2.75,92.16,77.5,27,14.81,85.19,62.96,55.56,18.52,11.11,11.11,0,0,0,0,7.41,22.22,11.11,0,11.11,7.41,0,3.7,0,14.81,3.7,7.41,0,0,0,0,18.52,0,3.7,3.7,0,0,0,0,0,0,3.7,3.7,0,3.7,3.7,0,0,0,0,0,3.7,3.7,3.7,0,0,0,0,0,0,0,0,0,0,0,0,0,3.7,3.7,0,0,0,0,7.41,0,0,0,0,0,0,3.7,0,0,0,0,0,0,0,0,0,0,3.7,3.7,0,0,3.7,0,0,0,7.41,3.7,3.7,7.41,0,0,0,0,0,11.11,0,0,0,0,7.41,3.7,0
Me taking my time and turning in my assignment last minute so my awful professor has no chance of getting ahead on grading : HTTPURL,0,0.5659026801586151,0.063642061712245,1.0,"[1, 1, 1, 1]",1,24,16.96,1,99,1,24,25,100,66.67,50,16.67,16.67,16.67,0,0,0,0,0,12.5,0,0,12.5,4.17,8.33,8.33,4.17,12.5,4.17,4.17,8.33,0,8.33,0,25,0,8.33,0,0,0,0,8.33,0,0,4.17,0,4.17,4.17,0,4.17,0,0,0,0,4.17,0,0,0,0,0,0,4.17,0,0,0,0,4.17,0,0,4.17,12.5,0,0,12.5,0,0,0,0,0,0,0,0,0,0,0,0,0,4.17,0,0,0,0,0,0,4.17,16.67,0,4.17,12.5,0,0,0,12.5,0,4.17,0,0,0,0,0,0,4.17,0,0,0,0,0,4.17,0
I 've just got up at five forty five on a Sunday to watch the Japanese Grand Prix as a Ferrari fan and saw Vettel jump ( and then fuck up ) the start and Leclerc tangle with Verstappen on turn 2 . Lovely stuff .,1,0.5682135820388794,0.0436030333709922,1.0,"[1, 1, 1, 1]",1,42,97.56,16.63,56.69,88.66,21,9.52,78.57,71.43,50,4.76,2.38,2.38,0,0,0,0,2.38,14.29,9.52,7.14,19.05,0,2.38,11.9,0,16.67,4.76,4.76,0,0,0,0,2.38,0,0,0,0,0,0,0,0,0,7.14,4.76,0,0,0,0,0,0,0,2.38,0,0,0,0,0,0,0,0,0,0,0,0,2.38,0,2.38,0,0,0,0,0,0,0,0,0,0,0,0,0,0,0,0,0,0,2.38,0,0,0,0,0,0,4.76,14.29,2.38,4.76,4.76,4.76,0,0,7.14,2.38,0,0,0,0,0,0,0,11.9,4.76,0,0,0,2.38,4.76,0
Wow Bdubs can bench press 150 kilometers,1,0.5305715352296829,0.0214545570879278,1.0,"[1, 1, 1, 1]",1,7,56.86,,1,,7,14.29,57.14,42.86,14.29,0,0,0,0,0,0,0,0,0,0,14.29,0,14.29,0,0,0,14.29,0,14.29,0,0,0,0,14.29,0,14.29,0,0,14.29,0,0,0,0,14.29,0,0,14.29,0,0,0,0,0,0,0,0,0,0,0,0,0,0,0,0,0,0,0,0,0,0,0,0,0,0,0,0,0,0,0,0,0,0,0,0,0,0,0,0,0,0,0,0,0,0,0,14.29,0,0,14.29,0,0,0,0,0,14.29,0,14.29,0,0,0,14.29,0,0,0,0,0,0,0,0
6 more hours and then a whoppingly massive 2days off work ! wowzers !,1,0.5504152923822403,0.0210188386684965,1.0,"[1, 1, 1, 1]",1,12,89.52,,39.59,,6,25,91.67,66.67,41.67,0,0,0,0,0,0,0,0,16.67,8.33,16.67,8.33,0,0,16.67,0,0,16.67,33.33,8.33,0,8.33,0,8.33,0,0,0,0,0,0,0,0,0,0,0,0,0,0,0,0,0,0,0,0,0,0,0,0,0,0,0,0,0,0,0,0,0,0,0,8.33,0,0,8.33,0,0,0,0,0,0,0,0,0,0,0,0,0,0,0,0,0,0,0,0,16.67,0,0,0,0,0,0,0,16.67,0,0,0,0,0,0,0,0,16.67,0,0,0,16.67,0,0,0
Well . That went well . #BelgianGP,1,0.5542598217725754,0.0554880898935865,1.0,"[1, 1, 1, 1]",1,5,1,,63.35,99,1.67,20,80,80,60,20,0,0,0,0,0,0,20,20,0,0,0,0,40,0,0,20,0,0,0,0,0,0,0,0,0,0,0,0,0,0,0,0,40,40,0,0,0,0,0,0,0,0,0,0,0,0,0,0,0,0,0,0,0,0,0,0,0,0,0,0,0,0,0,0,0,0,0,0,0,0,0,0,0,0,0,0,0,0,0,0,0,0,0,20,0,20,0,0,0,0,0,20,0,0,0,0,0,0,0,60,40,0,0,0,0,20,0
Just nearly cried in the tesco express because they did n't have the cheese pizza or the back up pizza I wanted . My mental stability is strong today .,1,0.5961542576551437,0.1072271533314927,1.0,"[1, 1, 1, 1]",1,28,46.07,9.23,97.09,20.23,14,10.71,89.29,71.43,53.57,10.71,10.71,7.14,0,0,0,3.57,0,14.29,10.71,0,7.14,10.71,7.14,7.14,0,17.86,7.14,0,3.57,0,0,3.57,32.14,0,17.86,0,3.57,3.57,7.14,0,3.57,0,7.14,3.57,3.57,3.57,0,3.57,0,0,3.57,0,7.14,3.57,0,0,0,0,3.57,3.57,0,0,0,0,0,0,0,0,0,0,0,0,0,0,10.71,0,0,0,0,0,0,10.71,0,0,3.57,0,0,0,0,0,0,0,10.71,14.29,0,0,14.29,0,0,0,7.14,10.71,7.14,0,0,0,0,0,0,10.71,7.14,0,0,0,3.57,0,0
In sunny spain at the moment ! ! ! Hows it all in england ?,1,0.5227473825216293,0.0137602790214858,1.0,"[1, 1, 1, 1]",1,11,97.37,,99,,5.5,9.09,81.82,72.73,63.64,9.09,0,0,0,0,0,0,9.09,18.18,9.09,0,27.27,9.09,9.09,0,0,9.09,9.09,9.09,0,0,0,0,27.27,9.09,9.09,9.09,9.09,0,0,0,0,0,0,0,0,0,0,0,0,0,0,0,0,0,0,0,0,0,0,0,0,0,0,0,0,0,0,0,0,0,0,0,0,0,0,0,0,0,0,0,0,0,0,0,0,0,0,0,0,0,0,0,0,18.18,0,0,18.18,0,0,0,9.09,0,9.09,0,0,0,0,0,0,36.36,0,0,9.09,27.27,0,0,0
Reminding myself that things take time & I 'm not stagnant . I 've been doing the best that I can with what I have and that 's all that matters ! Small steps,0,0.531132236123085,0.0138818697538492,1.0,"[1, 1, 1, 1]",1,31,1,1,79.1,,10.33,9.68,87.1,74.19,64.52,35.48,16.13,16.13,0,0,0,0,19.35,19.35,3.23,0,3.23,12.9,0,3.23,3.23,16.13,6.45,6.45,3.23,0,3.23,0,22.58,3.23,12.9,0,0,3.23,0,0,3.23,3.23,0,0,0,0,0,0,0,0,0,0,0,0,0,0,0,0,0,0,0,0,0,0,0,0,0,0,0,0,0,0,0,0,0,0,0,0,0,0,0,0,0,0,0,3.23,0,0,0,0,0,0,12.9,3.23,0,3.23,0,0,0,0,3.23,3.23,3.23,0,0,0,0,0,0,19.35,3.23,0,0,3.23,9.68,3.23,0
alright I 'm ready for some march madness :basketball: :fire:,1,0.5256806463003159,0.0113856792089844,1.0,"[1, 1, 1, 1]",1,10,69.05,3.95,63.35,99,10,30,60,50,40,10,10,10,0,0,0,0,0,10,0,0,10,0,10,0,0,0,20,10,0,0,0,0,0,0,0,0,0,0,0,0,0,0,10,10,0,0,0,0,0,0,0,0,0,0,0,0,0,0,0,0,0,0,0,0,0,0,0,0,10,10,0,0,0,0,0,0,0,0,0,0,0,0,0,0,0,0,0,0,0,0,0,0,10,0,0,0,0,0,0,0,10,0,0,0,10,0,10,0,0,50,0,0,0,0,10,40,0
"Turned out nice again , I see [ insert photo of flooded house ]",1,0.53779137134552,0.0345883856576069,1.0,"[1, 1, 1, 1]",1,11,89.52,5.27,99,99,11,9.09,72.73,63.64,36.36,9.09,9.09,9.09,0,0,0,0,0,0,0,0,18.18,0,9.09,0,0,18.18,9.09,0,0,0,0,0,9.09,0,0,0,0,0,0,0,0,0,9.09,9.09,0,0,0,0,0,0,0,0,0,0,0,0,0,0,0,0,0,0,0,0,0,0,0,0,9.09,0,9.09,0,0,0,0,0,0,0,0,0,0,0,0,0,0,0,0,0,0,0,0,0,18.18,27.27,0,9.09,9.09,9.09,0,0,9.09,9.09,0,0,0,0,0,0,0,27.27,0,9.09,0,0,0,18.18,0
at softball practice tonight one of my girls accidentally stuck her foot into a GROUND HORNETS NEST and those hornets SWARMED like in the hunger games . y'all I can't catch a break with this team :face_with_tears_of_joy:,0,0.5404805541038513,0.0461442904770514,1.0,"[1, 1, 1, 1]",1,36,89.52,56.63,39.59,2.17,18,22.22,77.78,52.78,50,16.67,11.11,5.56,0,2.78,2.78,0,5.56,22.22,8.33,2.78,16.67,2.78,0,2.78,2.78,5.56,0,2.78,5.56,2.78,2.78,0,5.56,0,2.78,0,0,2.78,0,0,2.78,0,2.78,0,2.78,0,0,0,0,0,0,0,11.11,2.78,2.78,0,0,0,0,11.11,0,0,5.56,0,0,0,0,0,8.33,5.56,0,2.78,0,0,5.56,0,0,0,0,0,0,2.78,0,2.78,0,2.78,0,0,0,0,0,0,2.78,11.11,0,2.78,8.33,0,0,0,2.78,2.78,2.78,0,0,0,0,0,0,25,2.78,0,0,0,5.56,16.67,0
I woke this morning to another Monday of fine bright warm sunshine here in Norfolk . Just what you need to put you in the right frame of mind for the week .,1,0.5169365108013153,0.0089073826664737,1.0,"[1, 1, 1, 1]",1,31,93.3,76.43,91.84,99,15.5,12.9,90.32,77.42,54.84,19.35,9.68,3.23,0,6.45,0,0,9.68,12.9,6.45,0,22.58,0,6.45,0,0,9.68,9.68,6.45,0,0,0,0,22.58,0,9.68,0,0,3.23,0,0,3.23,0,9.68,9.68,0,0,0,0,0,0,0,0,6.45,0,0,0,0,0,0,6.45,0,0,0,0,0,0,0,0,0,0,0,0,0,0,0,0,0,0,0,0,0,0,0,3.23,0,0,0,0,0,0,0,0,9.68,19.35,0,3.23,9.68,3.23,0,3.23,9.68,3.23,0,0,0,0,0,0,0,6.45,6.45,0,0,0,0,0,0
""" coping strategies to help with tinnitus and hearing loss : see a doctor ! "" Wow thanks internet",1,0.5712906122207642,0.0685583656606515,1.0,"[1, 1, 1, 1]",1,15,98.78,,1.91,97.84,7.5,26.67,93.33,46.67,26.67,0,0,0,0,0,0,0,0,6.67,6.67,0,13.33,0,0,6.67,0,13.33,0,0,13.33,6.67,6.67,0,6.67,0,6.67,6.67,0,0,0,0,0,0,26.67,13.33,6.67,6.67,0,0,0,0,0,0,13.33,13.33,13.33,6.67,0,0,6.67,0,0,0,0,0,6.67,0,0,6.67,6.67,0,0,6.67,0,0,13.33,13.33,0,0,6.67,0,0,0,0,0,0,0,0,0,0,0,6.67,0,6.67,13.33,0,0,0,6.67,6.67,0,0,0,0,0,6.67,0,0,0,6.67,26.67,0,0,0,6.67,0,20,0
love waking up in a panic :woozy_face: :woozy_face:,1,0.6019050478935242,0.0726837802049012,1.0,"[1, 1, 1, 1]",1,8,99,,89.39,20.23,8,25,87.5,37.5,37.5,0,0,0,0,0,0,0,0,12.5,12.5,0,25,0,0,0,0,0,0,0,0,0,0,0,0,0,0,0,0,0,0,0,0,0,25,12.5,12.5,25,12.5,12.5,12.5,0,0,0,12.5,12.5,0,0,0,0,0,0,0,0,0,0,0,0,0,0,0,0,0,0,0,0,25,25,25,0,0,0,0,0,0,0,0,0,0,0,25,0,0,0,12.5,25,0,0,25,0,0,0,0,0,0,0,0,0,0,0,0,75,0,0,0,0,0,75,0
"my mom just called the spatula , an “ egg flipper ”",0,0.524051308631897,0.0169286777276223,1.0,"[1, 1, 1, 1]",1,9,89.52,40.06,10.18,,9,22.22,77.78,55.56,44.44,11.11,11.11,11.11,0,0,0,0,0,33.33,22.22,0,0,0,11.11,0,0,11.11,0,0,11.11,11.11,0,0,11.11,0,0,0,0,0,0,0,0,0,0,0,0,0,0,0,0,0,0,0,22.22,11.11,0,0,0,0,11.11,11.11,11.11,0,11.11,0,0,0,0,0,0,0,0,0,0,0,11.11,0,0,0,0,0,0,11.11,0,0,0,0,0,0,0,0,0,0,0,0,0,0,0,0,0,0,0,11.11,0,0,0,0,0,0,0,33.33,0,11.11,0,0,0,22.22,0
The high tomorrow is 45 ! Anyone wanna go to the pool ?,1,0.562761127948761,0.0279993345884466,1.0,"[1, 1, 1, 1]",1,11,99,86.82,95.15,,5.5,9.09,90.91,72.73,54.55,9.09,0,0,0,0,0,0,9.09,18.18,18.18,9.09,18.18,9.09,0,0,0,18.18,9.09,0,0,0,0,0,36.36,0,18.18,0,0,9.09,9.09,0,0,0,0,0,0,0,0,0,0,0,0,0,9.09,0,0,0,0,0,0,9.09,0,0,0,0,0,0,0,0,0,0,0,0,0,0,0,0,0,0,0,0,0,0,0,0,9.09,0,0,0,0,0,0,0,18.18,18.18,0,9.09,18.18,0,0,0,9.09,0,9.09,18.18,9.09,9.09,0,0,0,18.18,0,0,9.09,9.09,0,0,0
I 'm gonna miss scantrons shortening my name to “ Christ ” after 16 years,1,0.5341538339853287,0.0309436138009918,1.0,"[1, 1, 1, 1]",1,13,74.95,7.93,98.89,,13,15.38,84.62,46.15,38.46,15.38,15.38,15.38,0,0,0,0,0,7.69,0,7.69,23.08,7.69,0,7.69,0,7.69,0,7.69,0,0,0,0,15.38,0,0,0,0,0,0,0,0,0,0,0,0,0,0,0,0,0,0,0,15.38,0,0,0,0,0,0,7.69,0,0,0,0,0,0,0,0,7.69,0,0,0,0,7.69,0,0,0,0,0,0,0,0,0,0,0,0,7.69,0,0,0,0,0,15.38,0,0,0,0,0,0,0,15.38,0,0,7.69,7.69,7.69,0,0,0,23.08,0,0,0,0,7.69,15.38,0
"I just finally got around to starting the most recent season of Archer , and I am seriously bummed out for being only one episode in to my favorite animated tv comedy",0,0.5319566279649734,0.0104959878965788,1.0,"[1, 1, 1, 1]",1,31,69.92,4.4,97.57,20.23,31,19.35,93.55,77.42,64.52,9.68,9.68,9.68,0,0,0,0,0,12.9,3.23,3.23,22.58,6.45,16.13,3.23,0,12.9,12.9,6.45,0,0,0,0,19.35,0,3.23,0,0,0,0,3.23,0,0,12.9,6.45,6.45,6.45,0,6.45,0,0,6.45,0,0,0,0,0,0,0,0,0,0,0,0,0,3.23,0,0,3.23,6.45,6.45,0,0,0,0,0,0,0,0,0,0,0,0,0,0,0,3.23,0,0,0,0,0,0,0,6.45,0,0,6.45,0,0,0,12.9,0,3.23,0,0,0,0,0,0,3.23,0,3.23,0,0,0,0,0
"Yep , the only reason I 've stayed with 3 since Ovivo disappeared was the everywhere contract . If and when this reaches me then I 'm offski . @USER HTTPURL",0,0.5557302534580231,0.0201841138211328,1.0,"[1, 1, 1, 1]",1,28,18.12,1,99,,9.33,17.86,82.14,64.29,50,14.29,10.71,10.71,0,0,0,0,3.57,10.71,7.14,3.57,7.14,3.57,7.14,17.86,0,14.29,0,0,0,0,0,0,32.14,14.29,10.71,3.57,7.14,0,3.57,0,3.57,0,0,0,0,0,0,0,0,0,0,0,0,0,0,0,0,0,0,0,0,0,0,0,3.57,0,0,3.57,3.57,0,0,3.57,0,0,0,0,0,0,0,0,0,0,0,0,0,0,0,0,0,0,0,0,0,14.29,0,3.57,14.29,0,0,0,10.71,10.71,3.57,0,3.57,3.57,3.57,0,0,21.43,7.14,3.57,0,0,7.14,3.57,0
Efy is great,1,0.533603310585022,0.0207325649736157,1.0,"[1, 1, 1, 1]",1,3,10.19,,,99,3,0,66.67,66.67,33.33,0,0,0,0,0,0,0,0,0,0,0,0,33.33,0,0,0,33.33,33.33,0,0,0,0,0,33.33,0,0,0,0,0,0,0,0,0,33.33,33.33,0,0,0,0,0,0,0,0,0,0,0,0,0,0,0,0,0,0,0,0,0,0,0,0,0,0,0,0,0,0,0,0,0,0,0,0,0,0,0,0,0,0,0,0,0,0,0,0,33.33,0,0,0,0,0,0,0,0,0,33.33,0,0,0,0,0,0,0,0,0,0,0,0,0,0
Shit . After a hilarious yet faithful recreation of Winnie the Pooh a part of me is now stuck inside a honey jar .,0,0.5571346580982208,0.0290575923709355,1.0,"[1, 1, 1, 1]",1,22,98.87,5.27,95.15,99,11,13.64,86.36,63.64,54.55,4.55,4.55,4.55,0,0,0,0,0,18.18,18.18,0,18.18,4.55,9.09,4.55,0,9.09,0,4.55,0,0,0,0,18.18,0,9.09,0,0,4.55,4.55,0,4.55,0,18.18,13.64,0,4.55,4.55,0,0,0,0,4.55,9.09,4.55,0,0,0,4.55,0,4.55,0,0,0,0,0,0,0,0,9.09,4.55,0,0,0,4.55,4.55,0,0,0,0,0,0,4.55,0,0,0,0,0,0,0,0,0,0,4.55,9.09,0,0,9.09,0,0,0,13.64,4.55,9.09,0,0,0,0,0,0,9.09,9.09,0,0,0,0,0,0
Is spunk a slur ?,1,0.5527967363595963,0.0335997133735261,1.0,"[1, 1, 1, 1]",1,4,89.52,,,,4,0,50,50,50,0,0,0,0,0,0,0,0,25,25,0,0,25,0,0,0,25,0,0,0,0,0,0,25,0,0,0,0,0,0,0,0,0,0,0,0,0,0,0,0,0,0,0,0,0,0,0,0,0,0,0,0,0,0,0,0,0,0,0,0,0,0,0,0,0,0,0,0,0,0,0,0,0,0,0,0,0,0,0,0,0,0,0,0,0,0,0,0,0,0,0,0,0,25,0,0,0,0,0,0,25,0,0,25,0,0,0,0
Raging debate on the importance of an Orlando Magic Summer League Championship . Definitely a notch below 6 if decided by coin flip . HTTPURL,1,0.5369243323802948,0.0168090508458527,1.0,"[1, 1, 1, 1]",1,23,99,40.06,44.75,84.9,7.67,26.09,82.61,47.83,39.13,0,0,0,0,0,0,0,0,13.04,13.04,4.35,17.39,0,4.35,4.35,0,4.35,4.35,0,8.7,4.35,4.35,4.35,17.39,0,13.04,4.35,0,0,4.35,4.35,4.35,0,13.04,8.7,4.35,4.35,0,4.35,0,4.35,0,0,8.7,4.35,0,0,0,0,4.35,4.35,0,0,0,0,4.35,0,0,4.35,4.35,0,0,0,4.35,0,0,0,0,0,0,0,0,0,0,0,0,0,0,0,0,0,0,0,0,4.35,0,0,4.35,0,0,0,4.35,4.35,0,0,0,0,0,0,0,8.7,8.7,0,0,0,0,0,0
as much as i like being home i miss my uni pals and messing around in the kitchen at 2am,0,0.5694322139024734,0.0710478097890052,1.0,"[1, 1, 1, 1]",1,20,80.96,3.95,89.39,90.5,20,10,95,60,60,15,15,15,0,0,0,0,0,15,5,5,25,5,0,15,0,5,5,5,5,5,0,0,0,0,0,0,0,0,0,0,0,0,5,5,0,0,0,0,0,0,0,0,20,10,0,0,0,0,0,5,0,5,0,0,0,0,0,0,10,0,10,0,0,0,5,0,0,0,0,0,0,5,0,0,0,0,0,0,0,0,10,0,5,10,0,0,10,0,0,0,0,0,0,0,0,0,0,0,0,0,0,0,0,0,0,0,0
"me : revises cells + other general biology stuff edexcel : "" i want a fit summer bod , get them to tell me how i get one "" #EdexcelBiology #Gcses2018",1,0.5360638499259949,0.0104316096286769,1.0,"[1, 1, 1, 1]",1,25,39.7,1,85.71,,25,24,72,64,44,24,20,16,0,0,0,4,4,12,4,8,4,0,4,0,0,16,8,4,0,0,0,0,16,0,12,4,4,4,0,0,4,0,0,0,0,0,0,0,0,0,0,0,8,4,0,0,0,0,4,4,0,0,0,0,0,0,0,0,0,0,0,0,0,0,0,0,0,0,0,0,0,0,0,0,4,8,0,0,0,0,0,0,8,0,0,0,0,0,0,0,4,0,0,0,0,0,0,0,0,32,0,4,0,0,0,28,0
"Can we appreciate how amazing vaccines are ? We 've got covid cases declining despite nightclubs being open ! If we vaccinate school kids , we might even avoid a spike once the schools reopen .",0,0.5857218652963638,0.0688122645700836,1.0,"[1, 1, 1, 1]",1,32,19.03,99,32.54,96.74,10.67,25,81.25,53.13,46.88,12.5,12.5,0,12.5,0,0,0,0,9.38,6.25,3.13,3.13,12.5,9.38,3.13,0,18.75,3.13,3.13,12.5,12.5,0,0,25,0,18.75,6.25,3.13,3.13,6.25,0,6.25,0,6.25,6.25,0,6.25,6.25,0,0,0,0,0,18.75,3.13,3.13,0,0,0,0,15.63,0,0,0,0,0,0,0,0,6.25,0,0,6.25,0,0,9.38,9.38,9.38,0,0,0,0,0,0,0,0,3.13,0,0,0,0,3.13,0,3.13,3.13,0,0,3.13,0,0,0,3.13,0,6.25,3.13,0,0,0,0,0,15.63,3.13,3.13,3.13,3.13,3.13,0,0
"Fat Patty 's and Applebee 's have very similar energies , but they 're unmatched . It 's like wrong step and I 'm gonna end up in the other restaurant with no way back",0,0.5384334325790405,0.019204737843781,1.0,"[1, 1, 1, 1]",1,33,63.17,1.92,95.15,1.71,16.5,15.15,72.73,57.58,48.48,9.09,6.06,3.03,0,0,0,3.03,3.03,6.06,3.03,0,15.15,6.06,3.03,9.09,3.03,6.06,12.12,0,0,0,0,0,21.21,6.06,9.09,0,0,0,0,0,9.09,0,3.03,0,3.03,0,0,0,0,0,0,0,6.06,3.03,0,0,0,3.03,0,3.03,0,0,0,0,0,0,0,0,3.03,3.03,0,0,0,0,6.06,3.03,0,0,0,0,0,3.03,0,0,0,0,0,0,0,0,0,0,9.09,12.12,0,3.03,9.09,0,0,0,3.03,0,0,3.03,3.03,3.03,0,0,0,21.21,3.03,3.03,0,0,15.15,0,0
"I 've compiled a list to debunk the gatekeeping morons saying #StarWars is too "" male focussed "" . Leia Organa , Jyn Erso , Rey , Bastila and Satele Shan , Hera Syndulla , Padme , Iden Versio , Nightsister Merrin , Cere Junda , Asajj Ventress , Sabine Wren , Bo-Katan Kryze , Shaak Ti , ( 1 / )",0,0.5811906158924103,0.0687381916331093,1.0,"[1, 1, 1, 1]",1,43,85.98,27.38,1,3.38,21.5,20.93,30.23,18.6,16.28,2.33,2.33,2.33,0,0,0,0,0,4.65,4.65,2.33,2.33,2.33,2.33,2.33,0,4.65,0,0,2.33,0,0,2.33,2.33,0,0,0,0,0,0,0,0,0,2.33,0,2.33,0,0,0,0,0,0,2.33,6.98,4.65,0,0,0,0,2.33,2.33,0,0,0,2.33,0,0,0,0,0,0,0,0,0,0,0,0,0,0,0,0,0,0,0,0,0,0,0,0,0,0,0,0,0,2.33,2.33,0,0,0,0,0,0,0,2.33,0,0,0,0,0,0,51.16,2.33,30.23,0,0,2.33,16.28,0
okay but like the say so song ain't that bad . I 'm unironically jam to it lmao,1,0.5511277616024017,0.0503700821205889,1.0,"[1, 1, 1, 1]",1,17,7.78,1,83.69,20.23,8.5,5.88,82.35,76.47,58.82,23.53,11.76,11.76,0,0,0,0,11.76,11.76,5.88,0,11.76,5.88,5.88,11.76,5.88,11.76,11.76,0,0,0,0,0,11.76,0,11.76,0,0,0,0,0,11.76,0,11.76,5.88,5.88,5.88,0,5.88,0,0,0,5.88,5.88,5.88,0,0,0,0,5.88,0,0,0,0,0,0,0,0,0,5.88,5.88,0,0,0,0,0,0,0,0,0,0,0,0,0,0,0,0,0,0,0,0,0,0,11.76,5.88,0,0,0,0,5.88,0,0,0,5.88,0,11.76,5.88,5.88,0,0,17.65,5.88,0,0,0,11.76,0,0
Taxes are just the best and I can not wait to pay more :smiling_face_with_halo: :smiling_face_with_hearts: :pleading_face:,1,0.5835350155830383,0.1267310385194867,1.0,"[1, 1, 1, 1]",1,16,26.1,1,15.38,,16,18.75,87.5,75,56.25,6.25,6.25,6.25,0,0,0,0,0,12.5,6.25,0,6.25,12.5,6.25,6.25,6.25,25,12.5,6.25,12.5,0,6.25,6.25,18.75,0,12.5,0,0,6.25,0,0,6.25,0,0,0,0,0,0,0,0,0,0,0,6.25,6.25,0,0,0,0,0,0,0,0,0,0,0,0,0,0,12.5,0,0,0,12.5,0,0,0,0,0,0,0,0,0,0,6.25,0,0,0,0,0,0,0,0,6.25,0,0,0,0,0,0,0,6.25,0,12.5,0,0,0,0,0,0,81.25,0,0,0,0,0,81.25,0
"You know what makes a 15 minute wait for the bus even better , rum leaking all over the contents of your bag :see-no-evil_monkey: :tired_face:",1,0.5543370097875595,0.0329657465368373,1.0,"[1, 1, 1, 1]",1,24,97.04,98.75,39.59,20.23,24,16.67,79.17,70.83,45.83,12.5,8.33,0,0,8.33,0,0,4.17,20.83,12.5,4.17,12.5,0,4.17,0,0,12.5,8.33,8.33,4.17,0,4.17,0,16.67,4.17,8.33,4.17,4.17,0,0,0,0,0,8.33,4.17,4.17,4.17,0,4.17,0,0,0,0,8.33,0,0,0,0,0,0,8.33,0,0,0,0,0,0,0,0,0,0,0,0,0,0,8.33,4.17,0,0,0,4.17,0,4.17,0,0,0,0,0,0,4.17,0,0,0,8.33,4.17,0,0,4.17,0,0,0,8.33,0,4.17,0,0,0,0,0,0,37.5,0,4.17,0,0,0,33.33,0
I really hate the new TikTok voice over voice - she sound annoying af,1,0.5364440977573395,0.0135876368855271,1.0,"[1, 1, 1, 1]",1,13,53.56,7.93,30.98,1,13,7.69,84.62,76.92,46.15,15.38,15.38,7.69,0,0,7.69,0,0,7.69,7.69,0,7.69,0,15.38,0,0,7.69,15.38,0,0,0,0,0,15.38,0,7.69,0,0,0,0,7.69,0,0,30.77,7.69,15.38,15.38,0,15.38,0,15.38,0,7.69,15.38,7.69,0,0,7.69,0,0,7.69,0,0,7.69,0,0,0,0,0,0,0,0,0,0,0,0,0,0,0,0,0,0,0,0,0,0,0,0,0,0,0,0,0,0,15.38,0,0,7.69,0,7.69,0,7.69,0,0,0,15.38,15.38,0,0,0,7.69,0,0,0,0,0,7.69,0
sometimes you just have to send death threats to your animal crossing villagers,0,0.5684862732887268,0.0861932167878302,1.0,"[1, 1, 1, 1]",1,13,53.56,99,30.98,1,13,30.77,92.31,53.85,38.46,15.38,15.38,0,0,15.38,0,0,0,7.69,0,0,15.38,7.69,7.69,0,0,23.08,0,0,7.69,0,0,7.69,7.69,0,7.69,0,0,0,7.69,0,0,0,7.69,0,7.69,0,0,0,0,0,0,0,30.77,7.69,0,0,7.69,0,0,23.08,0,0,0,0,0,0,0,0,0,0,0,0,0,0,7.69,0,0,0,0,0,0,0,7.69,15.38,0,0,0,0,0,0,7.69,0,0,7.69,0,7.69,0,0,0,0,7.69,0,0,15.38,0,0,0,0,0,0,0,0,0,0,0,0,0
I 'm high and drinking coffee but my ADHD is still winning,0,0.5839225798845291,0.0949671530664852,1.0,"[1, 1, 1, 1]",1,12,1,1,99,99,12,16.67,91.67,58.33,50,16.67,16.67,16.67,0,0,0,0,0,8.33,0,0,0,8.33,8.33,16.67,0,8.33,8.33,0,8.33,0,8.33,0,16.67,0,8.33,0,0,0,0,0,8.33,0,8.33,8.33,0,0,0,0,0,0,0,0,0,0,0,0,0,0,0,0,0,0,0,0,0,0,0,0,0,0,0,0,0,0,25,8.33,0,0,8.33,0,0,16.67,0,0,0,0,0,0,0,8.33,0,0,16.67,8.33,0,0,8.33,0,0,0,0,0,8.33,0,0,0,0,0,0,8.33,0,0,0,0,8.33,0,0
The numbers talking to me !,1,0.5424061119556427,0.0514352667769786,1.0,"[1, 1, 1, 1]",1,5,99,1,63.35,,5,40,100,100,60,20,20,20,0,0,0,0,0,20,20,0,20,0,0,0,0,20,0,20,0,0,0,0,0,0,0,0,0,0,0,0,0,0,0,0,0,0,0,0,0,0,0,0,20,20,0,0,0,0,20,0,0,0,0,0,0,0,0,0,0,0,0,0,0,0,0,0,0,0,0,0,0,0,0,0,0,0,0,0,0,0,0,0,0,0,0,0,0,0,0,0,0,0,0,0,0,0,0,0,0,20,0,0,0,20,0,0,0
I love a Monday morning so glad the weekends over !,1,0.563171997666359,0.0330249464616022,1.0,"[1, 1, 1, 1]",1,10,89.52,3.95,99,99,10,20,100,60,50,10,10,10,0,0,0,0,0,20,20,0,10,0,10,10,0,0,10,0,0,0,0,0,30,0,0,0,0,0,0,0,0,0,20,20,0,20,20,0,0,0,0,0,10,10,0,0,0,0,0,0,0,0,0,0,0,0,0,0,10,10,0,0,0,0,0,0,0,0,0,0,0,0,0,0,0,0,0,0,0,0,0,0,10,10,0,0,10,0,0,0,30,0,0,0,0,0,0,0,0,10,0,0,0,10,0,0,0
Ca n't wait for those $ 2000 checks to go out immediately,1,0.5588445365428925,0.0265223658966752,1.0,"[1, 1, 1, 1]",1,11,97.37,,99,,11,9.09,72.73,63.64,45.45,9.09,0,0,0,0,0,0,9.09,9.09,0,9.09,27.27,0,9.09,0,0,18.18,0,0,0,0,0,0,9.09,0,0,0,0,0,0,0,0,0,0,0,0,0,0,0,0,0,0,0,0,0,0,0,0,0,0,0,0,0,0,0,0,0,0,0,0,0,0,0,0,0,0,0,0,0,0,0,0,0,0,0,0,0,0,0,0,0,0,0,18.18,18.18,0,9.09,18.18,0,0,0,18.18,0,0,0,0,0,0,0,0,18.18,0,0,0,0,9.09,9.09,0
Having morning sickness when you 're not actually pregnant is all the fun,1,0.5468790233135223,0.0122071165251259,1.0,"[1, 1, 1, 1]",1,13,1.3,81.78,81.58,99,13,30.77,92.31,69.23,61.54,7.69,7.69,0,0,7.69,0,0,0,15.38,7.69,0,0,15.38,15.38,7.69,7.69,15.38,7.69,7.69,0,0,0,0,46.15,7.69,15.38,0,0,0,0,7.69,7.69,0,7.69,7.69,0,7.69,7.69,0,0,0,0,0,15.38,0,0,0,0,0,0,15.38,7.69,0,0,0,0,0,0,0,7.69,7.69,0,0,0,0,15.38,15.38,7.69,0,0,0,7.69,0,0,0,0,0,0,0,0,0,0,0,7.69,0,0,0,0,0,0,0,15.38,0,7.69,0,0,0,0,0,0,7.69,0,0,0,0,7.69,0,0
"Goodness my parents are actually watching something on Apple TV + , brilliant , yet another streaming service ! :sleepy_face:",1,0.5520797520875931,0.0271695407007239,1.0,"[1, 1, 1, 1]",1,16,13.27,11.66,15.38,99,8,62.5,81.25,56.25,43.75,18.75,6.25,6.25,0,0,0,0,12.5,12.5,0,0,6.25,6.25,12.5,0,0,6.25,6.25,6.25,6.25,6.25,0,0,31.25,0,25,0,0,6.25,12.5,6.25,6.25,0,12.5,12.5,0,6.25,0,0,0,0,0,0,6.25,0,0,0,0,0,0,6.25,6.25,0,0,0,6.25,0,0,6.25,12.5,6.25,0,6.25,0,0,0,0,0,0,0,0,0,0,0,0,0,0,0,0,0,0,0,0,0,6.25,6.25,0,0,6.25,0,0,6.25,0,6.25,0,0,0,0,0,0,43.75,0,12.5,0,6.25,0,25,0
I picked next year 's musical already ... Electro City . Obvious choice .,1,0.5767748951911926,0.0856445461610919,1.0,"[1, 1, 1, 1]",1,11,45.12,5.27,99,,3.67,36.36,81.82,54.55,18.18,9.09,9.09,9.09,0,0,0,0,0,0,0,0,0,0,9.09,0,0,9.09,18.18,9.09,0,0,0,0,45.45,0,18.18,9.09,0,0,0,9.09,0,0,0,0,0,0,0,0,0,0,0,0,9.09,0,0,0,0,0,0,0,0,0,0,0,0,0,0,0,9.09,9.09,0,0,0,0,0,0,0,0,0,0,0,0,0,0,0,0,0,0,0,0,0,0,9.09,27.27,0,9.09,9.09,0,9.09,0,27.27,18.18,0,0,0,0,0,0,0,54.55,45.45,0,0,0,9.09,0,0
love it when R gives me the 500th error code of the day,1,0.5832563638687134,0.1159283801775972,1.0,"[1, 1, 1, 1]",1,13,74.95,7.93,81.58,99,13,0,92.31,69.23,46.15,15.38,7.69,7.69,0,0,0,0,7.69,15.38,15.38,7.69,7.69,0,7.69,7.69,0,7.69,0,7.69,0,0,0,0,23.08,0,0,0,0,0,0,0,0,0,7.69,7.69,0,7.69,7.69,0,0,0,0,0,7.69,7.69,0,0,0,0,0,0,0,0,0,0,0,0,0,0,7.69,0,0,7.69,0,0,0,0,0,0,0,0,0,0,0,0,0,0,0,0,0,0,0,0,15.38,0,0,0,0,0,0,0,15.38,0,7.69,0,7.69,7.69,0,0,0,0,0,0,0,0,0,0,0
Everybody loves Christmas ! It such a great time to be jolly !,1,0.5383173823356628,0.0466061853173987,1.0,"[1, 1, 1, 1]",1,11,71.44,86.82,50.45,99,5.5,18.18,100,72.73,54.55,18.18,0,0,0,0,0,0,18.18,18.18,9.09,0,9.09,9.09,0,0,0,9.09,18.18,0,0,0,0,0,36.36,9.09,0,0,0,0,0,0,0,0,27.27,27.27,0,18.18,18.18,0,0,0,0,0,18.18,9.09,0,0,0,0,0,9.09,0,0,0,0,0,0,0,0,9.09,0,0,0,0,9.09,0,0,0,0,0,0,0,0,0,0,0,0,0,0,0,0,0,0,18.18,0,0,0,0,0,0,0,18.18,0,9.09,0,0,0,0,0,0,18.18,0,0,0,18.18,0,0,0
I 'm the highest I 'll ever be on 420 in my life ! I 'm on an airplane duh,1,0.5483083128929138,0.0262447987799507,1.0,"[1, 1, 1, 1]",1,19,80.4,1,99,,9.5,10.53,78.95,68.42,57.89,21.05,21.05,21.05,0,0,0,0,0,15.79,10.53,5.26,15.79,5.26,5.26,0,0,5.26,5.26,0,0,0,0,0,5.26,5.26,0,0,0,0,0,0,0,0,0,0,0,0,0,0,0,0,0,0,5.26,0,0,0,0,0,0,0,0,0,0,0,0,0,0,0,0,0,0,0,0,0,0,0,0,0,0,0,0,0,0,0,0,0,0,0,0,0,0,0,5.26,10.53,0,0,10.53,0,0,0,5.26,0,0,0,5.26,0,5.26,0,0,21.05,0,0,0,5.26,15.79,0,0
Overthinking everything in life really takes a toll on you,1,0.5223532617092133,0.0286562162279546,1.0,"[1, 1, 1, 1]",1,10,89.52,99,7.03,,10,20,80,70,60,20,10,0,0,10,0,0,10,10,10,0,20,0,10,0,0,10,0,0,0,0,0,0,30,10,10,0,0,0,0,10,0,0,0,0,0,0,0,0,0,0,0,0,20,0,0,0,0,0,0,10,0,0,0,0,0,0,0,0,0,0,0,0,0,0,0,0,0,0,0,0,0,0,0,0,0,10,0,0,0,0,0,0,10,10,0,0,10,0,0,0,0,0,10,0,0,0,0,0,0,0,0,0,0,0,0,0,0
"My poo is green , how festive .",1,0.5477224737405777,0.0367354182961123,1.0,"[1, 1, 1, 1]",1,6,1,1,99,99,6,16.67,83.33,66.67,50,16.67,16.67,16.67,0,0,0,0,0,16.67,0,0,0,16.67,16.67,0,0,16.67,16.67,0,0,0,0,0,33.33,0,16.67,16.67,16.67,0,0,0,0,0,16.67,16.67,0,0,0,0,0,0,0,0,0,0,0,0,0,0,0,0,0,0,0,0,0,0,0,0,16.67,16.67,0,0,0,0,0,0,0,0,0,0,0,0,0,0,0,0,0,0,0,0,0,0,0,16.67,0,0,0,16.67,0,0,0,0,16.67,0,0,0,0,0,0,33.33,16.67,16.67,0,0,0,0,0
