confidence,variability,correctness
0.49625062942504883,0.027877110555368068,0.6666666666666666
0.5499476194381714,0.07247140573444116,0.6666666666666666
0.5629640320936838,0.06812096785503159,0.6666666666666666
0.6290761828422546,0.02602403310228638,1.0
0.5780866245428721,0.11789447852011724,0.6666666666666666
0.4433426856994629,0.03441671791267677,0.0
0.4146902859210968,0.08136310536224285,0.3333333333333333
0.5628607471783956,0.01909401116032287,1.0
0.5098784367243449,0.0468870289646445,0.6666666666666666
0.5410507917404175,0.05228457835775467,0.6666666666666666
0.5475648244222006,0.06798843549694525,0.6666666666666666
0.5889451305071512,0.02410300680994415,1.0
0.5268525779247284,0.0703458871944014,0.3333333333333333
0.5198195576667786,0.08644821154429344,0.6666666666666666
0.5289259751637777,0.09081178947344966,0.6666666666666666
0.5622901221116384,0.07045805845999764,0.6666666666666666
0.435801496108373,0.08716960363345691,0.3333333333333333
0.4796556532382965,0.04617443442406969,0.3333333333333333
0.473846177260081,0.12049596394398128,0.6666666666666666
0.43401840329170227,0.05603194038777544,0.3333333333333333
0.5434252321720123,0.10268859180170634,0.6666666666666666
0.5938435196876526,0.028671582923104323,1.0
0.40573737025260925,0.11564116644454192,0.3333333333333333
0.5692435801029205,0.101554141447157,0.6666666666666666
0.43695564071337384,0.030376298544194144,0.0
0.5190581480662028,0.09430507853797454,0.6666666666666666
0.5841639836629232,0.030010177660439494,1.0
0.5596054792404175,0.07961060843553983,0.6666666666666666
0.5904467304547628,0.07889177109449633,1.0
0.47996726632118225,0.11623599471599311,0.6666666666666666
0.5834609766801199,0.09399015264182964,0.6666666666666666
0.5048095981280009,0.035620550871767555,0.3333333333333333
0.6397023399670919,0.06768957690243343,1.0
0.4750710725784302,0.0803833700849024,0.6666666666666666
0.5627014736334482,0.09310172311939822,0.6666666666666666
0.6115279396375021,0.05922331394101167,1.0
0.5061170558134714,0.061661884062544726,0.3333333333333333
0.6247796217600504,0.03462571813341314,1.0
0.5204661587874094,0.04080733995528035,0.6666666666666666
0.40080877145131427,0.1004512460398272,0.0
0.5059950351715088,0.05303474465721927,0.6666666666666666
0.6108696659406027,0.16195328533134656,0.6666666666666666
0.5239991346995035,0.06661288209448875,0.6666666666666666
0.5853248337904612,0.07138542445614479,0.6666666666666666
0.5832019845644633,0.11140896790490365,0.6666666666666666
0.4488321046034495,0.11879896191615977,0.3333333333333333
0.41723642746607464,0.1546095853305347,0.3333333333333333
0.5717894931634268,0.09793228177209522,0.6666666666666666
0.5972594420115153,0.06197955876910384,1.0
0.49033572276433307,0.06423105722514684,0.3333333333333333
0.5094817181428274,0.1309280775510639,0.3333333333333333
0.6100672086079916,0.04484660013563555,1.0
0.5188762446244558,0.07947218062482847,0.3333333333333333
0.4742611845334371,0.0894256962683056,0.6666666666666666
0.4391936659812927,0.062072881833950926,0.0
0.5339998404184977,0.10474994976816368,0.6666666666666666
0.4823637108008067,0.08567195300164308,0.3333333333333333
0.46280930439631146,0.05401350659160463,0.3333333333333333
0.5988946358362833,0.04475024160652093,1.0
0.5527811845143636,0.011017592627031314,1.0
0.5741139849026998,0.04921693000481957,1.0
0.41426650683085126,0.06265844673692011,0.0
0.6100547909736633,0.08647331454136176,1.0
0.559008926153183,0.10053164567161763,0.6666666666666666
0.4790302515029907,0.06335772827828305,0.3333333333333333
0.6365320285161337,0.06694601042946519,1.0
0.5346799691518148,0.08231593555297013,0.6666666666666666
0.600348432858785,0.05275241203218525,1.0
0.44987133145332336,0.04423517904326379,0.0
0.4404590626557668,0.0562286549307606,0.3333333333333333
0.5453393658002218,0.05966465470882525,0.6666666666666666
0.5402865707874298,0.11144893256787802,0.6666666666666666
0.5986203948656718,0.08118737856461562,0.6666666666666666
0.533083458741506,0.036807741426318555,0.6666666666666666
0.4987598657608032,0.034442633418134964,0.3333333333333333
0.5712007880210876,0.045086035393726846,1.0
0.4386648138364156,0.08652014112906116,0.3333333333333333
0.5888096292813619,0.024564969572061196,1.0
0.4878312846024831,0.05157872247163926,0.6666666666666666
0.48490719000498456,0.05563414267230385,0.3333333333333333
0.5403870741526285,0.027860697051488727,1.0
0.550137440363566,0.01490015633360599,1.0
0.5264114042123159,0.08596863965697546,0.3333333333333333
0.5520512859026591,0.07154699368650921,0.6666666666666666
0.4736343026161194,0.0938891408537487,0.3333333333333333
0.5602871378262838,0.08475842217550447,0.6666666666666666
0.5713311036427816,0.04619904791718594,1.0
0.5330514709154764,0.022341973875370305,1.0
0.5942513346672058,0.058037864939309194,1.0
0.5785937309265137,0.04367856935492341,1.0
0.509927382071813,0.09440045730715359,0.3333333333333333
0.40970821181933087,0.06921493895682093,0.0
0.40001941720644635,0.012762989415501158,0.0
0.5761730472246805,0.054699969637453785,1.0
0.516248474518458,0.05154677140505369,0.3333333333333333
0.6204871733983358,0.03411509833042618,1.0
0.6101111173629761,0.0385138667583077,1.0
0.41322627663612366,0.07707605419105172,0.3333333333333333
0.5008218586444855,0.09747135991543314,0.6666666666666666
0.576063464085261,0.06560001882663097,0.6666666666666666
0.44813380638758343,0.1126569646783043,0.3333333333333333
0.48795724908510846,0.15065007437243308,0.3333333333333333
0.5021103024482727,0.057046436429312015,0.3333333333333333
0.548540194829305,0.030928026386368112,1.0
0.594745953877767,0.08770340604569196,0.6666666666666666
0.46659096082051593,0.107910515436656,0.3333333333333333
0.4434098352988561,0.16364149576773981,0.3333333333333333
0.4974985917409261,0.10284556211021187,0.3333333333333333
0.6952640612920126,0.13897604258621096,1.0
0.5238742729028066,0.09107928187462198,0.6666666666666666
0.4524877866109212,0.07173588153748774,0.3333333333333333
0.5694477955500284,0.0849565073028531,0.6666666666666666
0.4771948754787445,0.06305845537257683,0.3333333333333333
0.5136828720569611,0.08145491906061438,0.6666666666666666
0.5876164237658182,0.03276825764361784,1.0
0.4826054573059082,0.07432949448114609,0.3333333333333333
0.4863181908925374,0.06803526772268441,0.3333333333333333
0.436297486225764,0.040494128227238184,0.0
0.5151035388310751,0.11320038169013232,0.6666666666666666
0.43183401226997375,0.03812092685767692,0.0
0.4980029861132304,0.0989041822601374,0.6666666666666666
0.42403047283490497,0.07305266044240259,0.0
0.43643954396247864,0.057523665005798086,0.0
0.501199076573054,0.06852164940565252,0.6666666666666666
0.4785726070404053,0.1349666864863684,0.3333333333333333
0.4644841055075328,0.05341493702956089,0.3333333333333333
0.5575294395287832,0.107508272607298,0.3333333333333333
0.480678250392278,0.11754662536763258,0.6666666666666666
0.5635521014531454,0.04274964263338314,1.0
0.6282681226730347,0.04671566880582273,1.0
0.5098689695199331,0.08565963261398873,0.3333333333333333
0.4614699383576711,0.08589674216812446,0.3333333333333333
0.5012730757395426,0.0488984389510024,0.6666666666666666
0.5113464792569479,0.09440221365483346,0.6666666666666666
0.4971287151177724,0.08573221455249928,0.6666666666666666
0.5911935369173685,0.11285087513361379,0.6666666666666666
0.4162980914115906,0.10499776372072468,0.0
0.42467085520426434,0.037121091295856175,0.0
0.5903202493985494,0.060768215421652415,1.0
0.6164342959721884,0.06873575910331195,1.0
0.4285755157470703,0.021825951218864787,0.0
0.4265124301115672,0.06942757249943232,0.3333333333333333
0.5006505846977234,0.0878529008970143,0.6666666666666666
0.5941109657287598,0.02924803806805487,1.0
0.5295867919921875,0.01468083684490843,1.0
0.4999726514021556,0.09095409159676064,0.3333333333333333
0.4473664462566376,0.09156310351746362,0.3333333333333333
0.5400558312733968,0.02059065782192503,1.0
0.482751985390981,0.04898145138557011,0.6666666666666666
0.6226860384146372,0.1610650539056537,0.6666666666666666
0.4965680738290151,0.11689108317433748,0.3333333333333333
0.5438702603181204,0.0568457195970842,0.6666666666666666
0.5539557536443075,0.10653268682872047,0.6666666666666666
0.49644707640012103,0.018300268564263845,0.3333333333333333
0.4862760007381439,0.06954937724432828,0.3333333333333333
0.4408641755580902,0.060233570633623786,0.0
0.5072276592254639,0.07756420831933598,0.6666666666666666
0.5069381296634674,0.049277709623785165,0.3333333333333333
0.46163855989774066,0.05417271779854295,0.3333333333333333
0.5216896732648214,0.010214651987971958,1.0
0.4787356456120809,0.1143120466976038,0.3333333333333333
0.4529519776503245,0.06112671531809437,0.3333333333333333
0.42488229274749756,0.10291188813831956,0.3333333333333333
0.48924800753593445,0.07399569075656526,0.3333333333333333
0.5527368088563284,0.08719051753223746,0.6666666666666666
0.5472096900145212,0.04528267482917725,0.6666666666666666
0.5380265315373739,0.08509182618604691,0.6666666666666666
0.5738299489021301,0.14223770031533717,0.6666666666666666
0.5840114156405131,0.11351447992420209,0.6666666666666666
0.5991703867912292,0.1123323816089805,0.6666666666666666
0.5113620857397715,0.032147339753135475,0.6666666666666666
0.4354699452718099,0.02229681530811988,0.0
0.5458841423193613,0.10118336673223788,0.6666666666666666
0.6256819367408752,0.06578510724902085,1.0
0.6002406676610311,0.08683760390398165,1.0
0.492508868376414,0.07673016766365366,0.6666666666666666
0.5556177198886871,0.05675065023754782,0.6666666666666666
0.5495013197263082,0.010840868040819317,1.0
0.5380740165710449,0.0939419165020686,0.6666666666666666
0.49161354700724286,0.08345726890232004,0.6666666666666666
0.4735111693541209,0.07708502055812881,0.3333333333333333
0.5329373478889465,0.05124694547042782,0.6666666666666666
0.5335498849550883,0.04774971485769956,0.6666666666666666
0.50863978266716,0.07386225342808957,0.6666666666666666
0.5729535420735677,0.12322805658455355,0.6666666666666666
0.5714471638202667,0.06483174957460967,0.6666666666666666
0.508480578660965,0.08136881753733544,0.3333333333333333
0.4879960815111796,0.029865768164094388,0.3333333333333333
0.5819148520628611,0.17163572229556473,0.6666666666666666
0.5169482827186584,0.015351187025294267,0.6666666666666666
0.534919540087382,0.007094531719368676,1.0
0.5387216607729594,0.07828394722149305,0.6666666666666666
0.5008755524953207,0.09593030233914421,0.3333333333333333
0.48417134086290997,0.03167909528703481,0.3333333333333333
0.527043749888738,0.06245671486233053,0.6666666666666666
0.5361691812674204,0.028629200147354376,0.6666666666666666
0.44239067037900287,0.03618921539295372,0.0
0.49738575021425885,0.06973236581017905,0.3333333333333333
0.4979897936185201,0.09502566366142157,0.6666666666666666
0.5508631865183512,0.024466928775400413,1.0
0.5140730738639832,0.03387885256284221,0.3333333333333333
0.5095557967821757,0.08619070754528528,0.6666666666666666
0.5497692227363586,0.046734461398728874,0.6666666666666666
0.5333011945088705,0.022194940644986207,1.0
0.5569263497988383,0.03275081696852093,1.0
0.5841110150019327,0.05873599042952821,1.0
0.6044632395108541,0.03581975714346555,1.0
0.5317182044188181,0.05080292956162997,0.6666666666666666
0.4987850288550059,0.0557198361112527,0.6666666666666666
0.5586471458276113,0.0650746779999484,0.6666666666666666
0.556058406829834,0.10700483859189584,0.6666666666666666
0.43879340092341107,0.04131648869553617,0.0
0.5080021123091379,0.0844104216205837,0.6666666666666666
0.510143925746282,0.04169773430645367,0.6666666666666666
0.45966100692749023,0.1054742753417217,0.3333333333333333
0.4940567910671234,0.06340256834558372,0.6666666666666666
0.498276025056839,0.08017970467471379,0.6666666666666666
0.5327580074469248,0.050612599653295016,0.3333333333333333
0.47479161620140076,0.04317464442050745,0.3333333333333333
0.5609990159670512,0.01730774746858232,1.0
0.46167460083961487,0.0617196581824554,0.3333333333333333
0.5902312795321146,0.03293380846749321,1.0
0.47990362842877704,0.07422248025711403,0.3333333333333333
0.5648987889289856,0.013944479732598878,1.0
0.5728350679079691,0.021700751554691197,1.0
0.477011501789093,0.05815154651561863,0.3333333333333333
0.4963048795859019,0.06170158132340069,0.3333333333333333
0.5399489204088846,0.02754420709322675,1.0
0.5388243595759074,0.055232707895802625,0.6666666666666666
0.5600650707880656,0.09925813306450493,0.6666666666666666
0.4941428005695343,0.0587667797937597,0.3333333333333333
0.48494501908620197,0.07686308255643917,0.3333333333333333
0.47701215744018555,0.10938680663973907,0.3333333333333333
0.5300805270671844,0.048241732681317505,0.6666666666666666
0.4730885525544484,0.01571272917602014,0.0
0.49329854051272076,0.059428506578326656,0.6666666666666666
0.5414740443229675,0.05997794911063154,0.6666666666666666
0.5641428232192993,0.08219865998666827,0.6666666666666666
0.5393791000048319,0.02237231439206544,1.0
0.5261525412400564,0.03558164945769808,0.6666666666666666
0.502489854892095,0.06354025503593366,0.3333333333333333
0.5080634454886118,0.034021485292708896,0.6666666666666666
0.6073869665463766,0.09524375892666402,1.0
0.5160996119181315,0.007595603550990404,1.0
0.4563983579476674,0.048390817604701236,0.3333333333333333
0.5239718755086263,0.07593650079315258,0.3333333333333333
0.5125708281993866,0.1037682266274541,0.6666666666666666
0.46963633100191754,0.0466690875381872,0.3333333333333333
0.6386323769887289,0.15071653884823397,1.0
0.45906896392504376,0.04173486386724672,0.3333333333333333
0.5830774505933126,0.06221969014040282,0.6666666666666666
0.45149590571721393,0.07928060977886052,0.3333333333333333
0.5389395554860433,0.06363826028808404,0.6666666666666666
0.4807711640993754,0.061889049500203304,0.6666666666666666
0.5137535432974497,0.03959390898509264,0.6666666666666666
0.5442073245843252,0.08740901427669658,0.6666666666666666
0.5514235297838846,0.04075988142324147,0.6666666666666666
0.5267911354700724,0.06874614215899857,0.6666666666666666
0.45967574914296466,0.061437443080113355,0.3333333333333333
0.47560377915700275,0.08089512701857487,0.3333333333333333
0.44932910799980164,0.019914722086685214,0.0
0.6615012288093567,0.13171090209195033,1.0
0.4528806209564209,0.05979520094502755,0.3333333333333333
0.5542218784491221,0.08087952515627773,0.6666666666666666
0.4916394054889679,0.09199362216833992,0.3333333333333333
0.526417056719462,0.03175384529957836,1.0
0.5730585853258768,0.030536410657093695,1.0
0.5629638433456421,0.10128717512860855,0.6666666666666666
0.5256557663281759,0.07483433841964833,0.6666666666666666
0.4281607468922933,0.034707312537322774,0.0
0.4833971361319224,0.10370672509034226,0.6666666666666666
0.5935440162817637,0.08644676329715612,0.6666666666666666
0.5428074101607004,0.07776738136748261,0.6666666666666666
0.5274865726629893,0.03567668654513499,0.6666666666666666
0.5674095849196116,0.06970767105877665,0.6666666666666666
0.49424601594607037,0.038640248602678444,0.6666666666666666
0.5509085257848104,0.02295827154593528,1.0
0.47594979405403137,0.012987183801970685,0.0
0.5941912035147349,0.19251718884642094,0.6666666666666666
0.6050356030464172,0.08413116931886624,1.0
0.5114128390947977,0.03507226774955877,0.6666666666666666
0.5878978868325552,0.10942631364094108,0.6666666666666666
0.47292935848236084,0.019792043875637218,0.0
0.46578017870585126,0.07437223420494814,0.3333333333333333
0.5778109729290009,0.129688726473289,0.6666666666666666
0.5445684989293417,0.050994034843035115,1.0
0.5397075712680817,0.038513795880072574,0.6666666666666666
0.5123182733853658,0.09790588738416424,0.3333333333333333
0.5157259901364645,0.05459131668484332,0.3333333333333333
0.5735085606575012,0.07086533934507516,0.6666666666666666
0.42732096711794537,0.03782216042959236,0.0
0.5580529471238455,0.1356717268146136,0.3333333333333333
0.4155721267064412,0.06481459711496934,0.0
0.4729749063650767,0.0480674514457386,0.3333333333333333
0.5194202959537506,0.034032113039373944,0.6666666666666666
0.5578113595644633,0.011443586110278717,1.0
0.5176907380421957,0.061834915274305596,0.3333333333333333
0.528412381807963,0.05659245674305783,0.6666666666666666
0.563715249300003,0.06332233081702497,0.6666666666666666
0.5487461586793264,0.07975139416450269,0.6666666666666666
0.5483655333518982,0.028211439175970385,1.0
0.5116310815016428,0.021270313307226566,0.6666666666666666
0.514860620101293,0.028297568319316836,0.3333333333333333
0.5399288137753805,0.04524821764417477,0.6666666666666666
0.43137821555137634,0.08400540928402009,0.3333333333333333
0.49732808272043866,0.048568404287476045,0.3333333333333333
0.5392441352208456,0.10687592683475558,0.3333333333333333
0.500986784696579,0.052313769429477214,0.3333333333333333
0.5299526751041412,0.03667807267999515,0.6666666666666666
0.4854343334833781,0.04740588759725627,0.3333333333333333
0.5768827199935913,0.10838619420137485,0.6666666666666666
0.5407798488934835,0.04664824328811395,0.6666666666666666
0.464191993077596,0.0834351655487089,0.6666666666666666
0.5750477313995361,0.0438932487039248,1.0
0.5302747587362925,0.04641058136015657,0.6666666666666666
0.568525105714798,0.16259946200801648,0.6666666666666666
0.4817621906598409,0.0743486195251916,0.3333333333333333
0.552028755346934,0.019853283617931115,1.0
0.5334261854489645,0.031645369766538,1.0
0.4884323279062907,0.009498084830441742,0.3333333333333333
0.48414520422617596,0.02428961452406004,0.3333333333333333
0.5027876396973928,0.04643610678743707,0.3333333333333333
0.5082781314849854,0.07275411320098887,0.6666666666666666
0.5084911783536276,0.03868838615141353,0.6666666666666666
0.4015370508035024,0.0669416268922826,0.0
0.4711776276429494,0.0479686221509051,0.3333333333333333
0.5199614266554514,0.061647911811641434,0.6666666666666666
0.4573534627755483,0.032567746309354884,0.3333333333333333
0.4647616744041443,0.038643809493851225,0.3333333333333333
0.5119565427303314,0.04912362674870615,0.3333333333333333
0.4328235189119975,0.06724141668122136,0.0
0.5132996737957001,0.0418192258495235,0.6666666666666666
0.5196349223454794,0.05899366117412089,0.3333333333333333
0.5244268973668417,0.03171716684533678,0.6666666666666666
0.5061455070972443,0.05036645977890768,0.6666666666666666
0.43805593252182007,0.16851425551693938,0.6666666666666666
0.44932563106218976,0.04263510571388697,0.0
0.46769702434539795,0.07562740362231364,0.3333333333333333
0.49351681272188824,0.09060785549490669,0.3333333333333333
0.5833518107732137,0.010506133770525661,1.0
0.4973811407883962,0.038603672228952626,0.6666666666666666
0.5352781216303507,0.01647441351995118,1.0
0.4747220575809479,0.02978399855045165,0.3333333333333333
0.4128824869791667,0.1000795842538898,0.3333333333333333
0.4665673275788625,0.07514438426893201,0.3333333333333333
0.4825352231661479,0.09927907186320609,0.3333333333333333
0.5885010560353597,0.07634483577472412,0.6666666666666666
0.448683629433314,0.08002671585664736,0.3333333333333333
0.4964105288187663,0.06409197027324937,0.3333333333333333
0.5826554099718729,0.058464516760569026,1.0
0.5411757131417593,0.064542123346433,0.6666666666666666
0.5710139274597168,0.048544234631159235,1.0
0.49800671140352887,0.083475229607035,0.6666666666666666
0.5303899049758911,0.03241098281853547,0.6666666666666666
0.5542601148287455,0.021665131757561733,1.0
0.4867285092671712,0.036679880632245095,0.3333333333333333
0.5916011134783427,0.10920736127684526,1.0
0.5005751351515452,0.05403216345958051,0.6666666666666666
0.649085541566213,0.08607312278271641,1.0
0.49810829758644104,0.06860035948798446,0.3333333333333333
0.47972126801808673,0.12153439758512777,0.3333333333333333
0.42863885561625165,0.060635003911730635,0.3333333333333333
0.5526921153068542,0.06877471535644052,0.6666666666666666
0.48608848452568054,0.014026798231735419,0.3333333333333333
0.5164659221967062,0.07048739518245464,0.3333333333333333
0.49348703026771545,0.09091006132058402,0.3333333333333333
0.4541786114374797,0.10272401386603358,0.6666666666666666
0.4928044279416402,0.0688884916924987,0.3333333333333333
0.5050943791866302,0.06406944128872634,0.6666666666666666
0.468357652425766,0.09380950797509953,0.3333333333333333
0.5019208391507467,0.0403129485754514,0.6666666666666666
0.45275071263313293,0.04388861523045263,0.3333333333333333
0.5138976176579794,0.06114978737948466,0.3333333333333333
0.5298504332701365,0.06437894842936756,0.6666666666666666
0.5229987998803457,0.09506146512454096,0.3333333333333333
0.5157279272874197,0.11431972800375163,0.3333333333333333
0.5100384751955668,0.07706741730271408,0.3333333333333333
0.4827349781990051,0.07555812196471379,0.3333333333333333
0.4783361355463664,0.044386033331638625,0.3333333333333333
0.5525529781977335,0.08075970002506613,0.6666666666666666
0.5173602302869161,0.02600473672187485,0.3333333333333333
0.49679912130037945,0.033711884849967275,0.3333333333333333
0.5387356877326965,0.026136395563713312,1.0
0.5511846741040548,0.04899057463044347,1.0
0.5338796476523081,0.10988629672341703,0.3333333333333333
0.4276418387889862,0.031471652900820456,0.0
0.6043040156364441,0.16495123567242342,0.6666666666666666
0.49571096897125244,0.05903003882163969,0.6666666666666666
0.5075379411379496,0.07614656212777728,0.3333333333333333
0.48739753166834515,0.05961122193228895,0.3333333333333333
0.5173505942026774,0.058950531235844386,0.6666666666666666
0.5229670306046804,0.06800882954296936,0.6666666666666666
0.5089377959569296,0.06823198614361932,0.6666666666666666
0.5729917585849762,0.09198844293283348,0.6666666666666666
0.43184303243954975,0.06652094196589853,0.3333333333333333
0.5551104843616486,0.06600569798311962,0.6666666666666666
0.5272433161735535,0.10117515171312735,0.6666666666666666
0.5126167635122935,0.02390279271914018,0.6666666666666666
0.5468553105990092,0.025507740559207657,1.0
0.6669325033823649,0.11963720614803934,1.0
0.5541323026021322,0.05811179067897409,1.0
0.4999210238456726,0.06138554047695962,0.6666666666666666
0.5011831223964691,0.06536411546855998,0.3333333333333333
0.47952841718991596,0.11741921787479889,0.3333333333333333
0.5547982454299927,0.07879518993712853,0.6666666666666666
0.5303537845611572,0.056555673449099286,0.3333333333333333
0.5389791230360667,0.041103372929484995,0.6666666666666666
0.5229944090048472,0.03357286988303067,0.6666666666666666
0.673520565032959,0.16731691967650922,0.6666666666666666
0.6282947858174642,0.1541125103165216,0.6666666666666666
0.5590773522853851,0.15610482285827937,0.6666666666666666
0.4976438283920288,0.047864100061146886,0.6666666666666666
0.5797795752684275,0.08536708975423395,0.6666666666666666
0.5075004200140635,0.09441135467663872,0.3333333333333333
0.3753533661365509,0.025497247645682505,0.0
0.5235696732997894,0.08061307235210924,0.3333333333333333
0.5308987498283386,0.09849434380509106,0.6666666666666666
0.5237192710240682,0.043287269589781074,0.6666666666666666
0.5330869555473328,0.07612727717956856,0.6666666666666666
0.4897846480210622,0.026553257594968682,0.3333333333333333
0.5351350605487823,0.08349941676357978,0.6666666666666666
0.4323081274827321,0.04929364090572319,0.3333333333333333
0.5719800889492035,0.06564387407980547,0.6666666666666666
0.4694794217745463,0.1208964071133152,0.3333333333333333
0.5639664530754089,0.023903851488008807,1.0
0.49873291452725727,0.007243885639605353,0.3333333333333333
0.4498785436153412,0.05514588118370503,0.3333333333333333
0.5400601923465729,0.06477023383605363,0.6666666666666666
0.4904435972372691,0.01363088428643118,0.3333333333333333
0.5649309953053793,0.09515728488175686,0.6666666666666666
0.5043284893035889,0.03252010340711815,0.3333333333333333
0.46801868081092834,0.06398545292468669,0.3333333333333333
0.6064547300338745,0.11841721450425163,1.0
0.46914851665496826,0.07024865691239222,0.3333333333333333
0.5187308589617411,0.08908324815390607,0.6666666666666666
0.5422784189383189,0.0785141521734695,0.6666666666666666
0.4854886829853058,0.0905018956759167,0.6666666666666666
0.4758165180683136,0.09433208450578329,0.3333333333333333
0.48762070139249164,0.051648896279031915,0.3333333333333333
0.49543357888857525,0.052293967464861466,0.6666666666666666
0.530574252208074,0.04818503427366261,0.6666666666666666
0.5414091944694519,0.10361748312171284,0.3333333333333333
0.5806923508644104,0.09374325084201326,0.6666666666666666
0.5261833469072977,0.0030774140467424126,1.0
0.549806664387385,0.042365517424425625,0.6666666666666666
0.5248873233795166,0.06538031882875767,0.6666666666666666
0.4661296208699544,0.05324663944241802,0.3333333333333333
0.5757375160853068,0.09052768816927793,0.6666666666666666
0.4927772382895152,0.11740044919865213,0.3333333333333333
0.43962247172991437,0.059334405123187925,0.3333333333333333
0.5195918083190918,0.1025213536001199,0.6666666666666666
0.46771512428919476,0.14387550142285624,0.3333333333333333
0.4072522620360057,0.11154605446549727,0.0
0.41123563051223755,0.03959620007339734,0.0
0.4945687452952067,0.03965042691407732,0.3333333333333333
0.5893170436223348,0.05178801244221761,1.0
0.5648156404495239,0.03715408037248061,1.0
0.5193692942460378,0.07594515949528578,0.3333333333333333
0.4582746922969818,0.06737914419828409,0.3333333333333333
0.4751298725605011,0.018172192477431043,0.0
0.5162178377310435,0.059202595159976674,0.6666666666666666
0.530246744553248,0.028380406885837834,0.6666666666666666
0.5572386384010315,0.16403710286650655,0.6666666666666666
0.4951467315355937,0.026880702671161806,0.3333333333333333
0.5317889352639517,0.08120841195543432,0.6666666666666666
0.5501831571261088,0.03693697453417525,1.0
0.5670403043429056,0.0958974130924036,0.6666666666666666
0.47268447279930115,0.04634557624464137,0.3333333333333333
0.5433597266674042,0.06291515863070392,0.6666666666666666
0.5361692210038503,0.0314029443229058,0.6666666666666666
0.5153961877028147,0.07444151589642109,0.3333333333333333
0.5663241147994995,0.1226330972508992,0.3333333333333333
0.4875807265440623,0.12063225489162331,0.3333333333333333
0.4708054761091868,0.1522984611495766,0.3333333333333333
0.4901835421721141,0.055807692223910084,0.3333333333333333
0.5556551019350687,0.0779239262331404,0.6666666666666666
0.43781161308288574,0.017993577987506622,0.0
0.4225886861483256,0.055592151242899394,0.0
0.5369752049446106,0.048369840957136985,0.6666666666666666
0.5866681238015493,0.11498880954594977,0.6666666666666666
0.5845945378144582,0.1252616011488643,0.6666666666666666
0.5446440577507019,0.12190970129122897,0.6666666666666666
0.5765760143597921,0.049822443089705466,1.0
0.5475155810515085,0.08835351803606377,0.6666666666666666
0.5152492721875509,0.08991974893143144,0.6666666666666666
0.4693547288576762,0.06574721567251428,0.3333333333333333
0.43850742777188617,0.0706020705401546,0.3333333333333333
0.5656656126181284,0.1477397382456732,0.6666666666666666
0.4845210611820221,0.06689351618646809,0.3333333333333333
0.45541133483250934,0.024175899432217405,0.0
0.6038309037685394,0.11823422766739179,0.6666666666666666
0.6591870486736298,0.1490226850508743,0.6666666666666666
0.5796838601430258,0.0428285963933751,1.0
0.571011076370875,0.16761174309948632,0.6666666666666666
0.5787971913814545,0.07116566150306458,0.6666666666666666
0.5641315480073293,0.2179156139683809,0.3333333333333333
0.5163018306096395,0.029562347778151574,0.6666666666666666
0.5064685344696045,0.08571735139219384,0.6666666666666666
0.6237598856290182,0.17149798691626605,0.6666666666666666
0.6589246789614359,0.09919480124878871,1.0
0.5490846931934357,0.05051333677399071,0.6666666666666666
0.5320194363594055,0.051456362427257714,0.6666666666666666
0.5032241543134054,0.036666696818734766,0.6666666666666666
0.41421910127003986,0.09612865492885177,0.0
0.526214987039566,0.09810896248776863,0.3333333333333333
0.6302948395411173,0.06281765885611448,1.0
0.40995359420776367,0.0423560261821186,0.0
0.45104453961054486,0.09161796332882892,0.3333333333333333
0.5178152322769165,0.14444511986524353,0.6666666666666666
0.5433632731437683,0.027991988484012652,1.0
0.5282233854134878,0.04458583794476487,0.6666666666666666
0.46782006820042926,0.04006687841503882,0.3333333333333333
0.44911354780197144,0.057697830986497826,0.3333333333333333
0.6139057477315267,0.04060637395315362,1.0
0.527048389116923,0.10292667581683992,0.6666666666666666
0.619167427221934,0.06520887514558665,1.0
0.45222636063893634,0.07234190566089041,0.3333333333333333
0.5032264490922292,0.04461326400372004,0.3333333333333333
0.4921441475550334,0.17562021768831063,0.3333333333333333
0.5026802917321523,0.059185500102487444,0.6666666666666666
0.42521072427431744,0.10384040752956644,0.3333333333333333
0.5138056973616282,0.16056559577417095,0.3333333333333333
0.5795238614082336,0.032641984672976965,1.0
0.4444561004638672,0.037939497953749964,0.0
0.5286466280619303,0.07774124382433091,0.6666666666666666
0.5383603771527609,0.06832355091137714,0.3333333333333333
0.6195823152860006,0.12442277752701551,1.0
0.493900865316391,0.0862129118317281,0.6666666666666666
0.5227171778678894,0.030912787653920304,0.6666666666666666
0.5157766242822012,0.02728174384770649,0.6666666666666666
0.6255731483300527,0.1542086652490904,0.6666666666666666
0.5046396851539612,0.04233715403724824,0.6666666666666666
0.3886010944843292,0.12153874404952174,0.3333333333333333
0.5524402459462484,0.02650555097573937,1.0
0.5269401868184408,0.03565977837409369,0.6666666666666666
0.6744831005732218,0.09974235866915133,1.0
0.5476890603701273,0.05417847833149835,0.6666666666666666
0.5319347282250723,0.07165446217065882,0.6666666666666666
0.47920238971710205,0.12678413743713274,0.6666666666666666
0.4930437703927358,0.0872949298542702,0.3333333333333333
0.47957853476206463,0.015908719471548347,0.0
0.49163522322972614,0.08713743977858288,0.3333333333333333
0.5189091364542643,0.008187396758095239,1.0
0.36942508816719055,0.06298632849067257,0.0
0.5570762952168783,0.019910963002368234,1.0
0.4830195903778076,0.1386523412205319,0.3333333333333333
0.5138978461424509,0.031408838091544725,0.6666666666666666
0.5399229427178701,0.05256133384072159,0.6666666666666666
0.6064527829488119,0.18415572988065548,0.6666666666666666
0.41430550813674927,0.035587723006393714,0.0
0.4433860282103221,0.01163832881071841,0.0
0.49150678515434265,0.06543741016899858,0.3333333333333333
0.4755319158236186,0.06876742688504406,0.3333333333333333
0.5359799563884735,0.04111863530922901,0.6666666666666666
0.46167059739430744,0.06548276743327255,0.3333333333333333
0.5576337079207102,0.11599768697910731,0.3333333333333333
0.5890438556671143,0.0052452445787592615,1.0
0.5254108707110087,0.0822623672136771,0.3333333333333333
0.5471193393071493,0.032953124081461324,1.0
0.44533026218414307,0.06580064669904709,0.3333333333333333
0.5256262719631195,0.1124691626089264,0.6666666666666666
0.6320803960164388,0.1352659446868931,0.6666666666666666
0.5245425204435984,0.10782437373461351,0.6666666666666666
0.5036741693814596,0.017646109963620753,0.3333333333333333
0.5237952570120493,0.1050907241447204,0.6666666666666666
0.5773121118545532,0.09544789264185999,0.6666666666666666
0.5771724383036295,0.03493641368777591,1.0
0.5297994414965311,0.04141639215632932,0.6666666666666666
0.5698681473731995,0.06838678834368016,0.6666666666666666
0.619086225827535,0.021912216200487545,1.0
0.5462741255760193,0.08292903594501833,0.6666666666666666
0.6867062449455261,0.11447286968080397,1.0
0.4860718548297882,0.054077808823858424,0.3333333333333333
0.5862869421641032,0.015303258663664535,1.0
0.4515970051288605,0.036692228753599586,0.0
0.535581092039744,0.1347953919259816,0.3333333333333333
0.5176834861437479,0.06484807787052434,0.6666666666666666
0.5052117804686228,0.05036092643560337,0.3333333333333333
0.6281455854574839,0.13531578901376984,0.6666666666666666
0.45523516337076825,0.05727182167539559,0.3333333333333333
0.5722551345825195,0.08470133159306323,0.6666666666666666
0.5113469858964285,0.0516897397675927,0.3333333333333333
0.5581337610880533,0.042927012837663946,1.0
0.44394922256469727,0.09506376990601413,0.3333333333333333
0.5703001022338867,0.04618500397854525,1.0
0.5414918065071106,0.020138837884995025,1.0
0.514877567688624,0.046990473414813945,0.6666666666666666
0.47272542119026184,0.09111547475200962,0.3333333333333333
0.45026129484176636,0.06917259823226943,0.3333333333333333
0.5515458782513937,0.050589150528502845,1.0
0.46364107728004456,0.029073476341337674,0.3333333333333333
0.5256089766820272,0.04003574926097815,0.6666666666666666
0.519208679596583,0.0532370900221106,0.3333333333333333
0.4648275176684062,0.12835922906328234,0.3333333333333333
0.6212565302848816,0.14996490389122297,1.0
0.5071444312731425,0.06144593349860458,0.6666666666666666
0.5656938552856445,0.029546683338788477,1.0
0.5349937776724497,0.04400302587828427,0.6666666666666666
0.5175912777582804,0.0998649553191959,0.3333333333333333
0.5659637351830801,0.07216313205991448,0.6666666666666666
0.6222011844317118,0.15037453370604864,0.6666666666666666
0.5302042067050934,0.05248463955024987,0.3333333333333333
0.5645503401756287,0.10587129183698005,0.6666666666666666
0.5544999241828918,0.05582314147018716,1.0
0.47304685910542804,0.013783095180515023,0.0
0.4956771731376648,0.04682800625596263,0.6666666666666666
0.603228747844696,0.040889724972557356,1.0
0.5063900748888651,0.04966578184890515,0.3333333333333333
0.43521596988042194,0.047033390662523114,0.0
0.45934321482976276,0.05266856053185332,0.3333333333333333
0.5393036603927612,0.05982606299180732,0.6666666666666666
0.48044665654500324,0.09324252225053808,0.3333333333333333
0.5719894369443258,0.05628163745885651,1.0
0.43720434109369916,0.04825056569047006,0.0
0.5621117154757181,0.06258773592115288,1.0
0.5539888143539429,0.012549366152880624,1.0
0.5760171413421631,0.11312859608582072,0.3333333333333333
0.5362269282341003,0.05638576491016098,0.6666666666666666
0.6001728574434916,0.06038594505276622,1.0
0.47023525834083557,0.05391435594736112,0.3333333333333333
0.44719115893046063,0.1048833017845757,0.3333333333333333
0.5700622101624807,0.07057739447927429,0.6666666666666666
0.4757695694764455,0.016544677131226922,0.0
0.5032892823219299,0.021247658947970236,0.3333333333333333
0.5440568824609121,0.07539373915084008,0.6666666666666666
0.49551785985628766,0.017729982701197636,0.3333333333333333
0.5757128794987997,0.1624456968018367,0.3333333333333333
0.4604590634504954,0.10845773740042564,0.6666666666666666
0.4753586749235789,0.04424275770524913,0.3333333333333333
0.5319419105847677,0.024506860601053296,0.6666666666666666
0.5726620356241862,0.023610585695501184,1.0
0.5073262055714926,0.07851039614674404,0.6666666666666666
0.492464820543925,0.03903538790068783,0.3333333333333333
0.5160295565923055,0.06495450472216652,0.3333333333333333
0.6074761549631754,0.040319257380741845,1.0
0.5169691542784373,0.0516278666953713,0.6666666666666666
0.5118990937868754,0.04723898222495127,0.6666666666666666
0.5231688618659973,0.032445025068492776,0.6666666666666666
0.5239883462587992,0.04345480705869192,0.6666666666666666
0.43242910504341125,0.016698032294480383,0.0
0.5540290673573812,0.03422647974346493,1.0
0.478694091240565,0.0286997163635708,0.3333333333333333
0.5217766861120859,0.02676380657863078,0.6666666666666666
0.6017315983772278,0.02670583399664064,1.0
0.4816766083240509,0.01634011586389389,0.0
0.5476633906364441,0.07313492070658321,0.6666666666666666
0.5690011978149414,0.04614688376753875,1.0
0.5164407789707184,0.04773973937760424,0.6666666666666666
0.49990513920783997,0.03282226560797527,0.3333333333333333
0.47176166375478107,0.05298437728535426,0.3333333333333333
0.5387539466222128,0.08484541462156944,0.6666666666666666
0.569769541422526,0.07130613325838067,1.0
0.5564894576867422,0.059374372260632656,0.6666666666666666
0.5495427151521047,0.10039500856376554,0.6666666666666666
0.502979189157486,0.052462976580310634,0.6666666666666666
0.599914570649465,0.017122082635483652,1.0
0.478338082631429,0.04149745432764893,0.6666666666666666
0.561123768488566,0.030665129144315104,1.0
0.5234331885973612,0.04063982070667782,0.6666666666666666
0.467885156472524,0.030228894547330087,0.3333333333333333
0.493792603413264,0.08034544137957178,0.6666666666666666
0.6360320548216502,0.16785134393776324,0.6666666666666666
0.6126191020011902,0.0365611658167466,1.0
0.45335347453753155,0.03947454740313539,0.3333333333333333
0.5953808228174845,0.07619020419059848,1.0
0.44221829374631244,0.07371481279296156,0.3333333333333333
0.46710431575775146,0.03993175348033332,0.3333333333333333
0.46379371484120685,0.029126110250781646,0.0
0.372380663951238,0.15062766078125636,0.0
0.5298368235429128,0.06543314382468383,0.3333333333333333
0.5675877332687378,0.04771178689747436,1.0
0.5150278011957804,0.00951650251655795,1.0
0.45247886578241986,0.045818307729690796,0.3333333333333333
0.3860610028107961,0.17771856349610832,0.3333333333333333
0.5137922863165537,0.049808480421930104,0.3333333333333333
0.514976034561793,0.032115737142155425,0.6666666666666666
0.5614181359608968,0.057197179110787526,0.6666666666666666
0.5102223753929138,0.052949827544071536,0.6666666666666666
0.4559265772501628,0.10597598330112316,0.3333333333333333
0.4614778558413188,0.09591157936401397,0.6666666666666666
0.5386343201001486,0.04548734048589728,0.6666666666666666
0.5234240293502808,0.020192035727836052,1.0
0.5219112833340963,0.03785989122965896,0.6666666666666666
0.5608715812365214,0.0804457960324843,0.6666666666666666
0.5522505939006805,0.10722296244553547,0.6666666666666666
0.5460812449455261,0.0955496982821127,0.6666666666666666
0.5788973172505697,0.11308186515985025,0.6666666666666666
0.5482454001903534,0.17769529936859876,0.6666666666666666
0.5534353156884512,0.05933079646992232,0.6666666666666666
0.5654415686925253,0.02633487919200615,1.0
0.5192451775074005,0.06799016410123326,0.3333333333333333
0.4887729585170746,0.08169173802795929,0.3333333333333333
0.5595650474230448,0.051895919554687794,1.0
0.40478308995564777,0.1449787352889118,0.3333333333333333
0.590100089708964,0.11597806094774234,0.6666666666666666
0.5575399001439413,0.03471231098501572,1.0
0.6065731843312582,0.10108723695492705,1.0
0.5053647955258688,0.024483016070884784,0.6666666666666666
0.544877161582311,0.045566392147259216,0.6666666666666666
0.522473156452179,0.011313180292955211,1.0
0.4136479397614797,0.12003568613256568,0.3333333333333333
0.5444742838541666,0.019202653884317463,1.0
0.5238169729709625,0.06073808985623349,0.3333333333333333
0.4050930639108022,0.18161733444625852,0.6666666666666666
0.5130774080753326,0.047006069824032326,0.6666666666666666
0.5597214500109354,0.06504984295108658,0.6666666666666666
0.46282878518104553,0.04502480135493066,0.3333333333333333
0.45532576243082684,0.042231415268594134,0.3333333333333333
0.4686299165089925,0.11817428521473276,0.3333333333333333
0.5066637794176737,0.048136279817966234,0.6666666666666666
0.5749324162801107,0.03300244144209479,1.0
0.5634531776110331,0.03657820729871962,1.0
0.48652387658754986,0.06104733126538937,0.3333333333333333
0.5013427436351776,0.10229804154438087,0.3333333333333333
0.5980875690778097,0.16396559626644205,0.6666666666666666
0.5676653583844503,0.011584404401154186,1.0
0.5233727196852366,0.0429099013492333,0.6666666666666666
0.4704347650210063,0.07940748653230778,0.3333333333333333
0.48646698395411175,0.08596186163973625,0.3333333333333333
0.5094068944454193,0.0693714503359981,0.6666666666666666
0.45922353863716125,0.029107734019358487,0.0
0.4536120593547821,0.10522226954701676,0.6666666666666666
0.5615228017171224,0.03538904984936724,1.0
0.5168686906496683,0.033721159243564024,0.6666666666666666
0.5068298280239105,0.14089648036102928,0.3333333333333333
0.5709432462851206,0.09282388300225121,0.6666666666666666
0.48188074429829914,0.04928882951884718,0.3333333333333333
0.5045706232388815,0.03685910456271723,0.3333333333333333
0.45386045177777606,0.11462516705035564,0.6666666666666666
0.5071716705958048,0.02018975397741628,0.6666666666666666
0.4845135410626729,0.08717166970703563,0.3333333333333333
0.594531794389089,0.1254699065094052,0.6666666666666666
0.5188933710257212,0.022357278393300168,0.6666666666666666
0.5144909719626108,0.03059205390533325,0.3333333333333333
0.5752707123756409,0.043128555011767676,1.0
0.5978859464327494,0.03720129793676869,1.0
0.5437361299991608,0.09782647418507041,0.6666666666666666
0.5182116826375326,0.05157304063730304,0.6666666666666666
0.47808826963106793,0.05298406922530442,0.3333333333333333
0.5184695521990458,0.021089020642919207,0.6666666666666666
0.4274916350841522,0.06041696236896013,0.3333333333333333
0.5771882732709249,0.0545280309879868,1.0
0.44245631496111554,0.1436531195284416,0.6666666666666666
0.532412568728129,0.10056085012811097,0.6666666666666666
0.538383016983668,0.08066657951043622,0.6666666666666666
0.487322856982549,0.1044639882419295,0.6666666666666666
0.548536996046702,0.10961787464837297,0.3333333333333333
0.489666223526001,0.03118057084611432,0.3333333333333333
0.5353589455286661,0.08833504106778362,0.6666666666666666
0.5361347397168478,0.09166122437360241,0.6666666666666666
0.5551822582880656,0.03654291979539669,1.0
0.5001406768957773,0.03643058500262404,0.3333333333333333
0.4780297776063283,0.019318401838814187,0.0
0.579879879951477,0.0670755299622355,1.0
0.5980134308338165,0.11894898475173722,0.6666666666666666
0.43156808614730835,0.11560398845887353,0.3333333333333333
0.528978188832601,0.06451263461131959,0.6666666666666666
0.5120584468046824,0.06230948249473718,0.6666666666666666
0.5721147855122884,0.16998320245806495,0.3333333333333333
0.49899763862291974,0.05071246476866124,0.3333333333333333
0.5627574721972147,0.05396613039572335,1.0
0.5878947079181671,0.15694917293038993,0.6666666666666666
0.4463282922903697,0.07075294741314976,0.3333333333333333
0.5322752594947815,0.047455658500170854,0.6666666666666666
0.6116195122400919,0.04952319719656017,1.0
0.6061816513538361,0.16720397393601535,0.6666666666666666
0.4722858965396881,0.059980999086561834,0.3333333333333333
0.404085248708725,0.07361355453292728,0.0
0.6194045146306356,0.1796453728821002,0.6666666666666666
0.49197038014729816,0.05265115827940995,0.6666666666666666
0.5633855859438578,0.07708826439339465,0.6666666666666666
0.5800625284512838,0.04494615910253483,1.0
0.4364887873331706,0.11561832852802245,0.3333333333333333
0.6463521122932434,0.1765155756719237,1.0
0.5264250437418619,0.010871639453813305,1.0
0.7070111433664957,0.14025425503684152,1.0
0.46988457441329956,0.05199045802448102,0.3333333333333333
0.52898770570755,0.06006488819514726,0.6666666666666666
0.462551216284434,0.10366907172111442,0.3333333333333333
0.5623550812403361,0.08254524882122125,0.6666666666666666
0.529062420129776,0.043480995855826175,0.6666666666666666
0.5772262811660767,0.05761606641930708,1.0
0.6428432861963908,0.12671153365388102,1.0
0.5776150623957316,0.020149321766439476,1.0
0.4989141325155894,0.07278830035855154,0.6666666666666666
0.507452110449473,0.07304841034449164,0.6666666666666666
0.5007643401622772,0.055056498104045386,0.3333333333333333
0.5164046287536621,0.00932560508293063,1.0
0.46694668134053546,0.06694976967389324,0.3333333333333333
0.5206554333368937,0.030869598000932065,0.6666666666666666
0.4711196223894755,0.026989775450838603,0.3333333333333333
0.5390964845816294,0.06095696446160331,0.6666666666666666
0.5944964090983073,0.05421759579386919,1.0
0.5433345139026642,0.07271006173008335,0.3333333333333333
0.5848747491836548,0.17550206448870642,0.6666666666666666
0.5345692237218221,0.10447658357781513,0.3333333333333333
0.48085589210192364,0.05219909554034648,0.3333333333333333
0.5642882386843363,0.10236716126756727,0.6666666666666666
0.5705657800038656,0.03635658281839425,1.0
0.5528675615787506,0.11098816262791564,0.6666666666666666
0.4665714104970296,0.03675681126826536,0.0
0.5093118747075399,0.05955813582010589,0.6666666666666666
0.49216599265734357,0.08509277267266431,0.3333333333333333
0.44498754541079205,0.01837719584432831,0.0
0.5737434029579163,0.07447870521524252,0.6666666666666666
0.5870212415854136,0.07187181838859827,0.6666666666666666
0.4319346447785695,0.06803689300024252,0.3333333333333333
0.4639051953951518,0.06726969699402312,0.6666666666666666
0.5052319467067719,0.022334416246008015,0.6666666666666666
0.5033588608105978,0.03374045812569906,0.3333333333333333
0.4869691530863444,0.07253192417483662,0.6666666666666666
0.6013882557551066,0.0796369185983623,1.0
0.5679108997186025,0.0977039813695935,0.6666666666666666
0.5380165775616964,0.020435185581265253,1.0
0.5904902617136637,0.06534771211257291,1.0
0.49460407098134357,0.06966279395596324,0.3333333333333333
0.47492430607477826,0.04757089906659107,0.6666666666666666
0.5309406320254008,0.06413282012370954,0.6666666666666666
0.48661719759305316,0.014492420017464201,0.3333333333333333
0.4593125383059184,0.05981140157887271,0.3333333333333333
0.5700696110725403,0.06678648572138625,1.0
0.49549715717633563,0.04866306992073662,0.3333333333333333
0.511583666006724,0.07310408828094389,0.6666666666666666
0.5153135160605112,0.04314106662898831,0.6666666666666666
0.5259109139442444,0.10058355541447922,0.6666666666666666
0.5415581464767456,0.02975106806040976,1.0
0.5236530800660452,0.057267413925486864,0.6666666666666666
0.5481041868527731,0.13368571674587013,0.3333333333333333
0.5057140092055002,0.049785850599492705,0.6666666666666666
0.5002678434054056,0.07618985796869251,0.3333333333333333
0.4811103542645772,0.0639134612963746,0.3333333333333333
0.46366795897483826,0.02696298777436429,0.0
0.4990127881368001,0.033153254191650904,0.3333333333333333
0.5145314733187357,0.052888347970753605,0.3333333333333333
0.54169762134552,0.08880805829184188,0.6666666666666666
0.45409350593884784,0.0313100487783922,0.0
0.6216137409210205,0.11174044332172452,1.0
0.5115582148234049,0.05519260466769814,0.3333333333333333
0.5153198639551798,0.056135368759381174,0.6666666666666666
0.6133196751276652,0.13770755236791538,1.0
0.4934762517611186,0.06165141020323658,0.6666666666666666
0.5123022794723511,0.04850040906391863,0.3333333333333333
0.47539252042770386,0.015520018470080476,0.0
0.5148089627424876,0.01357450567308617,0.6666666666666666
0.4943157931168874,0.06969226034753509,0.3333333333333333
0.5047298769156138,0.08749593407532771,0.6666666666666666
0.506894717613856,0.01169986699801269,0.3333333333333333
0.4749572475751241,0.1403274415963463,0.3333333333333333
0.4697566529115041,0.051776072303891696,0.3333333333333333
0.5425186355908712,0.028421525069367952,1.0
0.5767663419246674,0.1747737136042188,0.3333333333333333
0.6289728681246439,0.059063018589724306,1.0
0.5514737764994303,0.015731909743587284,1.0
0.5581271251042684,0.019246689697459986,1.0
0.5063280860582987,0.08877370727481335,0.3333333333333333
0.6389148831367493,0.008424751003988892,1.0
0.5116270482540131,0.040413943380238834,0.6666666666666666
0.5510270595550537,0.09672025984030383,0.6666666666666666
0.5120755831400553,0.0694163901218075,0.3333333333333333
0.521347572406133,0.03906934863926499,0.6666666666666666
0.5407677590847015,0.10795230749509373,0.6666666666666666
0.6151821414629618,0.034837426189844575,1.0
0.42733238140741986,0.04359353947847154,0.0
0.37571976085503894,0.16020218458082006,0.3333333333333333
0.5629289944966634,0.03256794140585617,1.0
0.48299820224444073,0.08169870522093535,0.6666666666666666
0.5947797993818918,0.19773457071557313,0.3333333333333333
0.5652277072270712,0.04540090604278734,1.0
0.48146577676137287,0.043998793039819156,0.3333333333333333
0.5834212501843771,0.017484945957098715,1.0
0.5213888883590698,0.05884475439049839,0.6666666666666666
0.5616097847620646,0.08583979144728415,0.6666666666666666
0.46325478951136273,0.055780990234484434,0.3333333333333333
0.44071196516354877,0.07182318567506944,0.3333333333333333
0.553730845451355,0.060717422649891356,0.6666666666666666
0.49728864431381226,0.03371852735460953,0.3333333333333333
0.6152144273122152,0.17999796024148013,0.6666666666666666
0.4371384183565776,0.016876321245338062,0.0
0.5050539374351501,0.05802800540527232,0.3333333333333333
0.4748213291168213,0.0010933526997940627,0.0
0.4290716052055359,0.09653123250459454,0.3333333333333333
0.704736590385437,0.14027115361823161,1.0
0.638466993967692,0.17556352499626815,0.6666666666666666
0.4783182044823964,0.07479251150585217,0.6666666666666666
0.49199456969896954,0.08761779863399667,0.6666666666666666
0.48362218340237934,0.03938443243953903,0.6666666666666666
0.6000757416089376,0.02148592265400834,1.0
0.5980496307214102,0.12643683975002748,0.6666666666666666
0.49507440129915875,0.0527782372123386,0.6666666666666666
0.48475031057993573,0.08619758161927676,0.6666666666666666
0.5075283646583557,0.06831588588559832,0.6666666666666666
0.4520285526911418,0.12929416555024478,0.6666666666666666
0.5883232752482096,0.08265526683028683,0.6666666666666666
0.5008309880892435,0.043703671127014385,0.6666666666666666
0.4069667160511017,0.07259854397312404,0.0
0.5685843626658121,0.062210376978626664,1.0
0.5585050086180369,0.09487960221238585,0.6666666666666666
0.5007203221321106,0.043581554871133486,0.6666666666666666
0.5722077389558157,0.09734495498328333,0.6666666666666666
0.42441117763519287,0.05938292150159737,0.3333333333333333
0.5064695775508881,0.0978101599630347,0.6666666666666666
0.4682577947775523,0.03130747848507819,0.3333333333333333
0.5598825712998708,0.08944224194720353,0.6666666666666666
0.39159297943115234,0.04654778376917199,0.0
0.5872244437535604,0.04287361074049397,1.0
0.5404794017473856,0.03802535347608762,0.6666666666666666
0.521286686261495,0.03836180612434077,0.6666666666666666
0.5205657283465067,0.10687665759334757,0.6666666666666666
0.5797905325889587,0.11950281004791578,0.6666666666666666
0.533596416314443,0.004163948748874861,1.0
0.5583557287851969,0.07298209696745829,0.6666666666666666
0.528011292219162,0.04325393216837645,0.6666666666666666
0.5886608362197876,0.05995820871267937,1.0
0.573664387067159,0.04556843376802805,1.0
0.5671558876832327,0.08538246119596195,0.6666666666666666
0.5541297594706217,0.11343020347752751,0.6666666666666666
0.554389238357544,0.09544249960925869,0.6666666666666666
0.46298616131146747,0.0516139731167403,0.3333333333333333
0.5284180045127869,0.09486847309921352,0.3333333333333333
0.6445918480555216,0.14034728839314653,1.0
0.46372707684834796,0.14784079161086144,0.3333333333333333
0.6584669152895609,0.13716792486224305,1.0
0.4943796694278717,0.004065017230900137,0.0
0.5802085300286611,0.13917666825888084,0.3333333333333333
0.5634110967318217,0.03163952904089519,1.0
0.6386399269104004,0.03778281542652549,1.0
0.5126552681128184,0.09330384829111975,0.6666666666666666
0.5398226181666056,0.03138081226693841,1.0
0.45643385251363117,0.07345652444813995,0.3333333333333333
0.5578479965527853,0.04066654730164365,1.0
0.6005965073903402,0.09154701322310208,0.6666666666666666
0.5528059601783752,0.018989821386131103,1.0
0.5855688254038492,0.062110014060728205,1.0
0.468274583419164,0.03310930508434482,0.0
0.5559721191724142,0.03456398689802301,1.0
0.49988043308258057,0.04541006311983765,0.6666666666666666
0.5842587749163309,0.10529019724461872,0.6666666666666666
0.4412429829438527,0.03823580684253861,0.0
0.5321949223677317,0.061662814025986695,0.6666666666666666
0.5407789250214895,0.03814721994261148,0.6666666666666666
0.5971452097098032,0.1191384872063431,0.6666666666666666
0.510587602853775,0.05263199389754352,0.3333333333333333
0.5500615735848745,0.04833206301434764,0.6666666666666666
0.5329627096652985,0.10439045354568383,0.3333333333333333
0.4516194363435109,0.020564728613283477,0.0
0.4933832089106242,0.023987200003397754,0.3333333333333333
0.5799296696980795,0.041510089387845756,1.0
0.574964831272761,0.06633595226612499,0.6666666666666666
0.4762420058250427,0.048533125516499916,0.3333333333333333
0.5628540515899658,0.030871136886125354,1.0
0.5655595560868582,0.1255589874370161,0.6666666666666666
0.6103393236796061,0.07058679309368955,1.0
0.6062664786974589,0.0847726008711386,1.0
0.56480473279953,0.013458341607495074,1.0
0.5522468984127045,0.17448944376534825,0.6666666666666666
0.5548457503318787,0.036957260457611184,1.0
0.5458378990491232,0.1043519048487605,0.6666666666666666
0.48548175891240436,0.11399986481708474,0.6666666666666666
0.4676634569962819,0.04648318409678318,0.3333333333333333
0.5234445929527283,0.06237442039307603,0.3333333333333333
0.5004346867402395,0.051944892476744955,0.6666666666666666
0.5400375425815582,0.05539008486431412,0.6666666666666666
0.578775425752004,0.0625684929294504,1.0
0.5769985417524973,0.08909844804833546,0.6666666666666666
0.5943818092346191,0.07992715164160867,1.0
0.5093631148338318,0.04593518482245943,0.6666666666666666
0.5896028776963552,0.06969081786336129,0.6666666666666666
0.7038822174072266,0.12592377143649225,1.0
0.5495622654755911,0.054539260605815584,0.6666666666666666
0.5518263677755991,0.06196354344238108,0.6666666666666666
0.5795904596646627,0.03341464861974381,1.0
0.5093739827473959,0.0316395422239695,0.3333333333333333
0.5641470948855082,0.051410369926743575,0.6666666666666666
0.5630053877830505,0.031813297481291566,1.0
0.44387978315353394,0.020730142265317324,0.0
0.49577796459198,0.033556675942194664,0.6666666666666666
0.5725784699122111,0.04710092951718537,1.0
0.5774009823799133,0.07959454311895674,0.6666666666666666
0.5532213747501373,0.0918669334920322,0.6666666666666666
0.5304481585820516,0.07103180380522549,0.6666666666666666
0.5357343554496765,0.08909099994301231,0.6666666666666666
0.5453475415706635,0.07142024795214338,0.6666666666666666
0.5083131194114685,0.020674900366571373,0.6666666666666666
0.5115976333618164,0.08008416797232625,0.6666666666666666
0.5688121914863586,0.02984482925856641,1.0
0.46423105398813885,0.029765643982474808,0.3333333333333333
0.5569904347260793,0.08203965214972934,0.6666666666666666
0.5361481110254923,0.03370731925219229,1.0
0.5356348951657613,0.047937755484628544,0.6666666666666666
0.5338553190231323,0.06562181073054438,0.6666666666666666
0.6172783176104227,0.032922195588490376,1.0
0.5624846518039703,0.06364057196856598,0.6666666666666666
0.5734270711739858,0.11664885976264948,0.6666666666666666
0.5207996567090353,0.07867780262382384,0.3333333333333333
0.5111458996931711,0.018237385006260366,0.6666666666666666
0.49203352133433026,0.10370477258098129,0.3333333333333333
0.5204507907231649,0.06077332322010801,0.3333333333333333
0.572871595621109,0.07812333963839886,0.6666666666666666
0.5227378110090891,0.03671687130675384,0.6666666666666666
0.4357074499130249,0.04446079775623168,0.0
0.4590153694152832,0.030149863474366108,0.0
0.5264558792114258,0.06816404693217029,0.6666666666666666
0.5163679122924805,0.025732925001867434,0.6666666666666666
0.593144416809082,0.037413629651750324,1.0
0.4634775718053182,0.04679873111557662,0.3333333333333333
0.5714589556058248,0.04102112821851239,1.0
0.49367236097653705,0.02569536573634773,0.3333333333333333
0.4422272741794586,0.12722656776960461,0.6666666666666666
0.549089511235555,0.038508215809258936,1.0
0.5238819022973379,0.0930166614812316,0.6666666666666666
0.5313883026440939,0.10180553845949099,0.6666666666666666
0.5362094442049662,0.10057737149032785,0.6666666666666666
0.5543643037478129,0.022360530318757815,1.0
0.5023918648560842,0.07189269427298077,0.6666666666666666
0.521023690700531,0.07416662511729888,0.3333333333333333
0.5956468681494395,0.11967740763338487,0.6666666666666666
0.6364801923433939,0.13566114214456,1.0
0.5296276807785034,0.03525719815779233,0.6666666666666666
0.44240299860636395,0.06716074567807417,0.3333333333333333
0.5049888491630554,0.05875019046079636,0.6666666666666666
0.5057853857676188,0.04056995766661409,0.3333333333333333
0.4928347667058309,0.0870509611336996,0.3333333333333333
0.532670646905899,0.07428807402709411,0.6666666666666666
0.5057350099086761,0.08667303308869136,0.6666666666666666
0.5446964502334595,0.0432725204186077,1.0
0.5810043613115946,0.08066579006847016,0.6666666666666666
0.6052933732668558,0.06129043617966647,1.0
0.5115341047445933,0.06994620525872482,0.3333333333333333
0.5501624941825867,0.05439181384901801,0.6666666666666666
0.4860661526521047,0.07644631660233832,0.6666666666666666
0.5916557013988495,0.07720576921811077,0.6666666666666666
0.5002466440200806,0.04148734571966718,0.6666666666666666
0.5064656039079031,0.06269991584570085,0.6666666666666666
0.529185821612676,0.0550349572932085,0.6666666666666666
0.5144219795862833,0.07593555808850005,0.6666666666666666
0.624458114306132,0.13667535332774192,0.6666666666666666
0.5543789168198904,0.21377992101250942,0.3333333333333333
0.505407472451528,0.06339990228170761,0.6666666666666666
0.618070145448049,0.10447655491003116,0.6666666666666666
0.6059389114379883,0.02045720493934305,1.0
0.5692874093850454,0.10018563461640387,0.6666666666666666
0.5505876143773397,0.07124019787226721,0.6666666666666666
0.4070805112520854,0.08168593550554239,0.3333333333333333
0.6085495352745056,0.1937115940241598,0.3333333333333333
0.6205341815948486,0.04906725337089362,1.0
0.4567599395910899,0.08240513409655806,0.3333333333333333
0.5475075046221415,0.19477031642016152,0.3333333333333333
0.47108181317647296,0.02555823498259232,0.3333333333333333
0.49105605483055115,0.06518105886090621,0.3333333333333333
0.6673682332038879,0.05887543534162415,1.0
0.5575936039288839,0.06813592849048675,1.0
0.5451149443785349,0.05380850902201746,0.6666666666666666
0.5195912023385366,0.0971024510001219,0.3333333333333333
0.4789493481318156,0.04466003170414717,0.3333333333333333
0.4582066436608632,0.06783715548172015,0.3333333333333333
0.5044316550095876,0.07264534584608319,0.3333333333333333
0.46488908926645917,0.10087840288501959,0.6666666666666666
0.6159766316413879,0.03691360033766097,1.0
0.4739130934079488,0.07965910811452338,0.3333333333333333
0.47850368420283,0.04786783458739078,0.3333333333333333
0.5064746737480164,0.04889076076776402,0.6666666666666666
0.5366496841112772,0.08031307799135363,0.6666666666666666
0.4417602519194285,0.056101936325883915,0.3333333333333333
0.5372240543365479,0.0567507546998565,0.6666666666666666
0.5363535086313883,0.0890683722732358,0.6666666666666666
0.5733446876207987,0.03429434269142991,1.0
0.5437467892964681,0.03692777449593703,1.0
0.558802455663681,0.12854087711763235,0.6666666666666666
0.6663088202476501,0.06094774557239192,1.0
0.38249489665031433,0.09889062169525986,0.0
0.5522460440794627,0.06469638964986811,0.6666666666666666
0.6285554071267446,0.18118433854287466,0.6666666666666666
0.5977086027463278,0.01855959500524758,1.0
0.4883412222067515,0.0796870083439718,0.3333333333333333
0.546444316705068,0.09004484858107575,0.6666666666666666
0.5181921124458313,0.0838283477613622,0.3333333333333333
0.5226108531157175,0.09470204063690495,0.6666666666666666
0.597719411055247,0.005223340805633787,1.0
0.46848135193188983,0.15993489846430678,0.3333333333333333
0.49581223726272583,0.027537755330466793,0.3333333333333333
0.5252139965693156,0.07779394678648757,0.6666666666666666
0.4900536338488261,0.06357722981887298,0.3333333333333333
0.5729168256123861,0.07258394869988097,0.6666666666666666
0.4895720382531484,0.029612977188419324,0.3333333333333333
0.5968923370043436,0.03657228857467691,1.0
0.592787484327952,0.01127251519552104,1.0
0.4713964064915975,0.06954844660491867,0.3333333333333333
0.5787856380144755,0.010563461133072785,1.0
0.5825381577014923,0.1013598026246106,0.6666666666666666
0.4919849634170532,0.07756746928284904,0.3333333333333333
0.525783509016037,0.08439199682431445,0.6666666666666666
0.5320139825344086,0.05038536275343286,0.6666666666666666
0.5231655637423197,0.00728315919693793,1.0
0.6264797250429789,0.0392417261822999,1.0
0.5496633052825928,0.09517154255473168,0.6666666666666666
0.5392778416474661,0.08702763715998593,0.3333333333333333
0.4637528856595357,0.06441937925800512,0.3333333333333333
0.5537787874539694,0.07351685876020213,0.6666666666666666
0.37255100905895233,0.10923145614470862,0.0
0.5468204319477081,0.06362504697355338,0.6666666666666666
0.5943830410639445,0.04387835801397221,1.0
0.4589814941088359,0.016281946270871157,0.0
0.5064151783784231,0.11853365783060607,0.6666666666666666
0.4608321189880371,0.03614005552110462,0.3333333333333333
0.47021380066871643,0.053415771116759964,0.3333333333333333
0.5923632383346558,0.11523815608015055,0.6666666666666666
0.4790804485479991,0.05322098824818473,0.3333333333333333
0.6762195030848185,0.16733110130007908,0.6666666666666666
0.5464006662368774,0.035559019508059835,1.0
0.42264652252197266,0.07844563610946947,0.3333333333333333
0.553974449634552,0.029336999934883774,1.0
0.531209260225296,0.11437386221730939,0.6666666666666666
0.5225783785184225,0.10042163511015247,0.6666666666666666
0.6678484082221985,0.10609817155901653,1.0
0.5188424487908682,0.09900953922376056,0.6666666666666666
0.5334234833717346,0.04640298399371794,0.6666666666666666
0.5722291469573975,0.04679572230344772,1.0
0.49241864681243896,0.06935871784833837,0.6666666666666666
0.5645330945650736,0.1013781009810565,0.6666666666666666
0.5063970784346262,0.1360053098250257,0.3333333333333333
0.46037883559862774,0.03995133083718632,0.3333333333333333
0.6444620192050934,0.13306940131576503,0.6666666666666666
0.5583880444367727,0.05389767603679326,0.6666666666666666
0.5004502336184183,0.09538152443927085,0.3333333333333333
0.5790383418401083,0.06389430013991333,0.6666666666666666
0.47879451513290405,0.07395297554536794,0.6666666666666666
0.4639944036801656,0.11630412937442643,0.6666666666666666
0.6549329956372579,0.181745893363997,0.6666666666666666
0.4511793553829193,0.06517249064201149,0.3333333333333333
0.5325718621412913,0.03903406497585342,0.6666666666666666
0.4953828553358714,0.03002288642524604,0.6666666666666666
0.5454591115315756,0.06888808831598812,0.6666666666666666
0.5097751120726267,0.07271015526110197,0.3333333333333333
0.581487754980723,0.09662033356228729,0.6666666666666666
0.534474382797877,0.0597040550411983,0.6666666666666666
0.39122357964515686,0.025334545534735166,0.0
0.5428016483783722,0.039960866853474476,0.6666666666666666
0.5030421813329061,0.07942561455394209,0.6666666666666666
0.5450386206309,0.03124118678396973,1.0
0.6128244002660116,0.040132937404575075,1.0
